"pathway_id","pathway_name","setSize","enrichmentScore","NES","pvalue","padj","rank","leadingEdge","leadingEdge_symbols","contrast","tissue","database","ranking_metric","analysis_type","logFC_cutoff","fdr_cutoff"
"mmu04145","Phagosome",143,0.585138016543226,2.53473864497626,1e-10,4.38802064931961e-09,3376,"13040/22146/27060/242341/226421/11966/14131/108078/13057/16414/17970/14129/20288/11964/17969/56644/14999/13058/22145/73834/15018/227613/14130/14972/246256/114143/17972/21899/14960/11975/71693/24088/14961/22142/14969/22151/12330/13039/15039/16784/53331/66290/17533/16783/22154/21354/16409/18711/22042/66335/14998/20333/11972/17534/19345/12721/14964/14990/20335/216238/21871/15015/22319/11973/271457/12317/140792/11974/19349/53421/54411/235661/57743/12266/67951/16410/16412","Ctss,Tuba1c,Tcirg1,Atp6v0d2,Rab7b,Atp6v1b2,Fcgr3,Olr1,Cyba,Itgb2,Ncf2,Fcgr1,Msr1,Atp6v1a,Ncf1,Clec7a,H2-DMb1,Cybb,Tuba4a,Atp6v1d,H2-Q7,Tubb4b,Fcgr2b,H2-K1,Fcgr4,Atp6v0b,Ncf4,Tlr6,H2-Aa,Atp6v0a1,Colec11,Tlr2,H2-Ab1,Tuba1a,H2-Eb1,Tubb2a,Canx,Ctsl,H2-T22,Lamp2,Stx7,Atp6v1g1,Mrc1,Lamp1,Tubb5,Tap1,Itgam,Pikfyve,Tfrc,Atp6v1c1,H2-DMa,Sec22b,Atp6v0d1,Mrc2,Rab5c,Coro1a,H2-D1,H2-M2,Sec61g,Eea1,Atp6v0a2,H2-Q4,Vamp3,Atp6v1e1,Rab5a,Calr,Colec12,Atp6v0e,Rab7,Sec61a1,Atp6ap1,Dync1li1,Sec61a2,C3,Tubb6,Itgav,Itgb1","gWAT_KD_vs_CTL","gWAT","KEGG","DESeq2_Wald_stat","fgsea",1,0.05
"mmu05152","Tuberculosis",149,0.578336171165419,2.52674051559195,1e-10,4.38802064931961e-09,2986,"13040/27060/14127/242341/14131/12795/16411/16414/20963/14129/12367/12028/15980/56644/14999/11783/21897/14130/246256/114143/16154/15526/12796/21899/12370/14960/13063/11975/16149/56632/17874/13033/24088/12314/14961/14969/16160/16176/18045/16784/15510/17533/16783/16451/19055/56619/16409/21803/12608/14998/11972/12265/17534/19345/12721/16153/216238/12322/21871/108960/16452/110157/271457/26419/22337/18044/170767/19349/12042","Ctss,Tcirg1,Fcer1g,Atp6v0d2,Fcgr3,Plk3,Itgax,Itgb2,Syk,Fcgr1,Casp3,Bax,Ifngr2,Clec7a,H2-DMb1,Apaf1,Tlr1,Fcgr2b,Fcgr4,Atp6v0b,Il10ra,Hspa9,Camp,Tlr6,Casp8,H2-Aa,Cycs,Atp6v0a1,Cd74,Sphk2,Myd88,Ctsd,Tlr2,Calm2,H2-Ab1,H2-Eb1,Il12b,Il1b,Nfyb,Lamp2,Hspd1,Mrc1,Lamp1,Jak1,Ppp3ca,Clec4e,Itgam,Tgfb1,Cebpb,H2-DMa,Atp6v0d1,Ciita,Mrc2,Rab5c,Coro1a,Il10,Eea1,Camk2a,Atp6v0a2,Irak2,Jak2,Raf1,Rab5a,Mapk8,Vdr,Nfya,Rfxap,Rab7,Bcl10","gWAT_KD_vs_CTL","gWAT","KEGG","DESeq2_Wald_stat","fgsea",1,0.05
"mmu04380","Osteoclast differentiation",117,0.584453371912609,2.44341896676805,1e-10,4.38802064931961e-09,1975,"22177/14131/13038/13057/20963/17970/14129/19261/14727/20375/18733/17969/18710/21934/15980/14283/18412/100038947/21812/17060/14130/18034/668101/246256/12229/16477/14728/17972/234779/16176/14784/16822/14281/17342/22030/15976/12978/16451/19055/21803/26399/18707/18019/53859/83433/15975","Tyrobp,Fcgr3,Ctsk,Cyba,Syk,Ncf2,Fcgr1,Sirpa,Lilrb4b,Spi1,Pirb,Ncf1,Pik3r3,Tnfrsf11a,Ifngr2,Fosl1,Sqstm1,Sirpb1c,Tgfbr1,Blnk,Fcgr2b,Nfkb2,Sirpb1b,Fcgr4,Btk,Junb,Lilrb4a,Ncf4,Plcg2,Il1b,Grb2,Lcp2,Fos,Mitf,Traf2,Ifnar2,Csf1r,Jak1,Ppp3ca,Tgfb1,Map2k6,Pik3cd,Nfatc2,Map3k14,Trem2,Ifnar1","gWAT_KD_vs_CTL","gWAT","KEGG","DESeq2_Wald_stat","fgsea",1,0.05
"mmu05169","Epstein-Barr virus infection",186,0.526322943303072,2.37388337706084,1e-10,4.38802064931961e-09,4126,"17246/12575/12505/20963/12495/12367/26398/18710/12028/14999/11783/14102/56480/15018/15894/15945/17060/20848/17873/18034/14972/12229/67089/17096/12370/14960/13063/12428/23996/17874/234779/24088/14961/246727/21356/14969/27015/66997/60406/15039/12125/22030/15976/17463/21354/16451/56489/19185/26399/18707/14998/19181/53859/246730/15975/14964/22033/14990/19766/16151/22031/18037/12571/15015/22123/22059/21762/15182/66413/59029/12444/26419/100038882/12317/215446/20422/12448/242705/18035/12018/12447/70247/13557/23882/14827/56436/23797/20846/21926/21939/12443/21929/15001/19353/14991/68652/15024","Mdm2,Cdkn1a,Cd44,Syk,Entpd1,Casp3,Map2k4,Pik3r3,Bax,H2-DMb1,Apaf1,Fas,Tbk1,H2-Q7,Icam1,Cxcl10,Blnk,Stat3,Gadd45b,Nfkb2,H2-K1,Btk,Psmc6,Lyn,Casp8,H2-Aa,Cycs,Ccna2,Psmc4,Myd88,Plcg2,Tlr2,H2-Ab1,Oas3,Tapbp,H2-Eb1,Polk,Psmd12,Sap30,H2-T22,Bcl2l11,Traf2,Ifnar2,Psmd7,Tap1,Jak1,Ikbke,Psmd4,Map2k6,Pik3cd,H2-DMa,Psmc2,Map3k14,Oas1a,Ifnar1,H2-D1,Traf5,H2-M2,Ripk1,Ikbkg,Traf3,Nfkbie,Cdk6,H2-Q4,Psmd3,Trp53,Psmd2,Hdac2,Psmd6,Psmd14,Ccnd2,Mapk8,Isg15,Calr,Entpd3,Sem1,Ccne2,E2f2,Nfkbia,Bak1,Ccne1,Psmd1,E2f3,Gadd45g,Pdia3,Adrm1,Akt3,Stat1,Tnf,Cd40,Ccnd1,Tnfaip3,H2-Oa,Rac1,H2-M3,Tab2,H2-T10","gWAT_KD_vs_CTL","gWAT","KEGG","DESeq2_Wald_stat","fgsea",1,0.05
"mmu05020","Prion disease",240,0.512804358232062,2.36647357744962,1e-10,4.38802064931961e-09,4029,"22146/26440/13057/12260/17970/12367/18753/26444/17969/18710/12028/12262/12913/13058/11783/22145/12259/227613/11911/19173/26442/67089/20191/26446/17972/11740/13063/11950/68375/23996/26443/22142/26445/22151/66997/12858/16176/66152/19166/66142/19172/22334/17463/22154/19055/26441/11957/12289/19185/18707/66694/17993/16572/19354/19181/74764/14828/72900/110323/22333/66046/208677/66576/22335/20463/68342/66043/13665/12866/12859/12857/226519/19170/66445/12867/11951/69875/22123/230075/68197/17716/21762/17708/66413/19167/12865/59029/26419/228033/67130/20422/15139/67003/71679/66594/66218/67951/226646/12861/11949/105675/20304/22272/70247/54405/67264/22273/15481/66925/67530/56436/12869/66495/56637/18747/21926/11946/11947/19177/17721/66414/20867/19353","Tuba1c,Psma1,Cyba,C1qb,Ncf2,Casp3,Prkcd,Psma7,Ncf1,Pik3r3,Bax,C1qc,Creb3,Cybb,Apaf1,Tuba4a,C1qa,Tubb4b,Atf4,Psmb5,Psma5,Psmc6,Ryr2,Psmb3,Ncf4,Slc25a5,Cycs,Atp5pb,Ndufa8,Psmc4,Psma6,Tuba1a,Psmb2,Tubb2a,Psmd12,Cox5a,Il1b,Uqcr10,Psma2,Cox7b,Psmb4,Vdac2,Psmd7,Tubb5,Ppp3ca,Psma4,Atp5pf,Cacna1d,Psmd4,Pik3cd,Uqcrfs1,Ndufs4,Kif5a,Rac2,Psmc2,Klc4,Hspa5,Ndufv2,Cox6b1,Vdac1,Ndufb5,Creb3l3,Uqcrh,Vdac3,Cox7a2l,Ndufb10,Atp5f1d,Eif2s1,Cox7a2,Cox5b,Cox4i1,Lamc1,Psmb1,Cyc1,Cox7c,Atp5mc1,Ndufa11,Psmd3,Ndufb6,Ndufc2,mt-Nd1,Psmd2,mt-Co1,Psmd6,Psma3,Cox7a1,Psmd14,Mapk8,Atp5mc3,Ndufa6,Sem1,Hc,Uqcrc2,Atp5pd,Uqcr11,Ndufb9,Tubb6,Ndufs2,Cox6a1,Atp5f1c,Ppif,Ccl5,Uqcrq,Psmd1,Ndufa1,Ndufb8,Uqcrc1,Hspa8,Sdhd,Uqcrb,Adrm1,Cox8b,Ndufb3,Gsk3b,Prkaca,Tnf,Atp5f1a,Atp5f1b,Psmb7,mt-Nd5,Ndufa12,Stip1,Rac1","gWAT_KD_vs_CTL","gWAT","KEGG","DESeq2_Wald_stat","fgsea",1,0.05
"mmu05164","Influenza A",133,0.533562375340785,2.29364979301495,1e-10,4.38802064931961e-09,2513,"217069/17229/12362/66824/12367/20296/170743/18710/12028/15980/21933/14999/11783/14102/56480/15894/15945/100037258/11740/18751/12370/58185/14960/13063/110196/17874/14961/246727/14969/16160/16176/20293/15976/16451/56489/18707/14998/12265/16647/81489/26396/246730/22333/15975/16646/103573/13665/16151/22031/17857/12571/16452/110157","Trim25,Tpsb2,Casp1,Pycard,Casp3,Ccl2,Tlr7,Pik3r3,Bax,Ifngr2,Tnfrsf10b,H2-DMb1,Apaf1,Fas,Tbk1,Icam1,Cxcl10,Dnajc3,Slc25a5,Prkcb,Casp8,Rsad2,H2-Aa,Cycs,Fdps,Myd88,H2-Ab1,Oas3,H2-Eb1,Il12b,Il1b,Ccl12,Ifnar2,Jak1,Ikbke,Pik3cd,H2-DMa,Ciita,Kpna2,Dnajb1,Map2k2,Oas1a,Vdac1,Ifnar1,Kpna1,Xpo1,Eif2s1,Ikbkg,Traf3,Mx1,Cdk6,Jak2,Raf1","gWAT_KD_vs_CTL","gWAT","KEGG","DESeq2_Wald_stat","fgsea",1,0.05
"mmu04060","Cytokine-cytokine receptor interaction",182,0.507896561774133,2.28278539378598,1e-10,4.38802064931961e-09,4047,"245527/16181/23886/20307/20308/12984/12774/20296/21934/15980/21933/20305/21938/14102/12983/20315/94185/16178/15945/14562/21812/12982/57914/20306/12986/100532/16154/16197/20303/20310/18414/14825/50498/20302/66102/16160/12777/17082/16176/213208/12775/20293/55985/12772/15976/21944/12767/12978/21803/13857/16186/15975/16188/18413/16153/17000/27279/12769/20299/56744/14563/16165/12766/326623/57266/60504/57916/17329/21942/107527/23832/14566/57349/16164/20304/16177/20300/21935/21937/16170/16182/14561/16180/12504/21926/11480/21939/20312/16185/16174/16169/85030","Eda2r,Il1rn,Gdf15,Ccl8,Ccl9,Csf2rb2,Ccr5,Ccl2,Tnfrsf11a,Ifngr2,Tnfrsf10b,Ccl6,Tnfrsf1b,Fas,Csf2rb,Cxcl12,Tnfrsf21,Il1r2,Cxcl10,Gdf3,Tgfbr1,Csf2ra,Crlf2,Ccl7,Csf3r,Rell1,Il10ra,Il7r,Ccl4,Cxcl2,Osmr,Cxcl1,Ebi3,Ccl3,Cxcl16,Il12b,Ccr10,Il1rl1,Il1b,Il20rb,Ccr7,Ccl12,Cxcl13,Ccr2,Ifnar2,Tnfsf12,Cxcr4,Csf1r,Tgfb1,Epor,Il2rg,Ifnar1,Il3ra,Osm,Il10,Ltbr,Tnfrsf12a,Ccr9,Ccl22,Pf4,Gdf5,Il13ra2,Cxcr3,Tnfsf15,Cxcl14,Il21r,Tnfrsf13b,Cxcl9,Tnfrsf9,Il1rl2,Xcr1,Gdf9,Ppbp,Il13ra1,Ccl5,Il1r1,Ccl25,Tnfrsf17,Tnfrsf1a,Il16,Il18r1,Gdf11,Il1rap,Cd4,Tnf,Acvr2a,Cd40,Cx3cl1,Il2rb,Il18rap,Il15ra,Tnfrsf25","gWAT_KD_vs_CTL","gWAT","KEGG","DESeq2_Wald_stat","fgsea",1,0.05
"mmu05012","Parkinson disease",236,0.489189761691182,2.25240823365397,1e-10,4.38802064931961e-09,3991,"22146/26440/12367/26444/227059/12028/17161/214084/11783/22145/227613/11911/22166/19173/26442/67089/26446/11740/13063/11950/68375/23996/26443/12314/22142/26445/22151/66997/12858/110877/66152/19166/66142/19172/22334/17463/22154/26441/11957/19185/66694/17993/16572/19181/74764/14828/72900/110323/22333/66046/66576/22335/20463/68342/66043/13665/12866/213053/12859/12857/19170/66445/12322/12867/56791/11951/69875/22123/230075/68197/78294/22059/17716/21762/17708/66413/19167/12865/59029/26419/67847/228033/67130/18174/18024/20422/12048/67003/71679/66594/66218/67951/226646/12861/12323/12315/11949/105675/22272/70247/54405/67264/22273/66925/30791/140499/67530/56436/12869/66495/18747/11946/11947/19177/17721/66414","Tuba1c,Psma1,Casp3,Psma7,Slc39a10,Bax,Maoa,Slc18a2,Apaf1,Tuba4a,Tubb4b,Atf4,Txn1,Psmb5,Psma5,Psmc6,Psmb3,Slc25a5,Cycs,Atp5pb,Ndufa8,Psmc4,Psma6,Calm2,Tuba1a,Psmb2,Tubb2a,Psmd12,Cox5a,Slc18a1,Uqcr10,Psma2,Cox7b,Psmb4,Vdac2,Psmd7,Tubb5,Psma4,Atp5pf,Psmd4,Uqcrfs1,Ndufs4,Kif5a,Psmc2,Klc4,Hspa5,Ndufv2,Cox6b1,Vdac1,Ndufb5,Uqcrh,Vdac3,Cox7a2l,Ndufb10,Atp5f1d,Eif2s1,Cox7a2,Slc39a14,Cox5b,Cox4i1,Psmb1,Cyc1,Camk2a,Cox7c,Ube2l6,Atp5mc1,Ndufa11,Psmd3,Ndufb6,Ndufc2,Rps27a,Trp53,mt-Nd1,Psmd2,mt-Co1,Psmd6,Psma3,Cox7a1,Psmd14,Mapk8,Sncaip,Atp5mc3,Ndufa6,Slc11a2,Nfe2l2,Sem1,Bcl2l1,Uqcrc2,Atp5pd,Uqcr11,Ndufb9,Tubb6,Ndufs2,Cox6a1,Camk2b,Calm3,Atp5f1c,Ppif,Uqcrq,Psmd1,Ndufa1,Ndufb8,Uqcrc1,Sdhd,Slc39a1,Ube2j2,Uqcrb,Adrm1,Cox8b,Ndufb3,Prkaca,Atp5f1a,Atp5f1b,Psmb7,mt-Nd5,Ndufa12","gWAT_KD_vs_CTL","gWAT","KEGG","DESeq2_Wald_stat","fgsea",1,0.05
"mmu05171","Coronavirus disease - COVID-19",194,0.478684265719487,2.16663381909374,1.10933106303024e-10,4.38802064931961e-09,4844,"14131/12362/12267/11491/20963/12260/67941/20296/170743/12273/18710/12262/13058/56480/12259/15945/20848/170744/18751/17874/234779/20344/24088/246727/16160/16176/20293/214763/14281/72512/15976/22371/16451/56489/19899/18707/67945/27176/246730/15200/15975/110954/16151/22031/17857/68028/269261/20085/78294/100503670/20005/11837/67025/19921/76808/26419/100038882/65019/17392/67671/22121/20103/319195/19896/14109/15139/75617/18035/12266/19982/114641/16898/19988/20116/19942/20115/21937/27050/26961/16785/20846/21926/19944/19989/20055/19951/54127/27207/68652/270106/19941/20044/20102/267019/20091/68436/67891/67427/57808/66489/20090/66475/20104/26451/66481/74769/20084/27370/20054/17174/20088/16391/19946/27367/67281/67248","Fcgr3,Casp1,C3ar1,Adam17,Syk,C1qb,Rps27l,Ccl2,Tlr7,C5ar1,Pik3r3,C1qc,Cybb,Tbk1,C1qa,Cxcl10,Stat3,Tlr8,Prkcb,Myd88,Plcg2,Selp,Tlr2,Oas3,Il12b,Il1b,Ccl12,Cgas,Fos,Sting1,Ifnar2,Vwf,Jak1,Ikbke,Rpl18,Pik3cd,Rpl41,Rpl7a,Oas1a,Hbegf,Ifnar1,Rpl10,Ikbkg,Traf3,Mx1,Rpl22l1,Rpl12,Rps19,Rps27a,Rpl5,Rpl9,Rplp0,Rpl11,Rpl19,Rpl18a,Mapk8,Isg15,Rpl23,Mmp3,Rpl38,Rpl13a,Rps5,Rpl17,Rpl10a,Fau,Hc,Rps25,Nfkbia,C3,Rpl36a,Rpl31,Rps2,Rpl6,Rps8,Rpl27,Rps7,Tnfrsf1a,Rps3,Rpl8,Rpsa,Stat1,Tnf,Rpl29,Rpl7,Rps16,Rpl32,Rps28,Rps11,Tab2,Rpl13,Rpl26,Rps14,Rps4x,Rps15a,Rps3a1,Rpl34,Rpl4,Rps20,Rpl35a,Rpl35,Rps29,Rps23,Rps6,Rpl27a,Rps21,Pik3cb,Rps18,Rps26,Rps15,Masp1,Rps24,Irf9,Rpl30,Rpl3,Rpl37,Rpl39","gWAT_KD_vs_CTL","gWAT","KEGG","DESeq2_Wald_stat","fgsea",1,0.05
"mmu04650","Natural killer cell mediated cytotoxicity",86,0.600520634790447,2.40650020211892,1.4916787233205e-10,5.31037625502098e-09,2651,"22177/24055/57257/56743/14127/16414/20963/12367/12506/18710/15980/21933/14102/15894/14972/20416/246256/22324/26904/27007/15461/18751/18176/234779/14784/16822/15170/15976/19055/18106/18479/18707/18019/19354/26396/15975/14964/14939/23900/110157/16627/77777/216148/16643","Tyrobp,Sh3bp2,Vav3,Lat2,Fcer1g,Itgb2,Syk,Casp3,Cd48,Pik3r3,Ifngr2,Tnfrsf10b,Fas,Icam1,H2-K1,Shc1,Fcgr4,Vav1,Sh2d1b1,Klrk1,Hras,Prkcb,Nras,Plcg2,Grb2,Lcp2,Ptpn6,Ifnar2,Ppp3ca,Cd244a,Pak1,Pik3cd,Nfatc2,Rac2,Map2k2,Ifnar1,H2-D1,Gzmb,Hcst,Raf1,Klra1,Ulbp1,Shc2,Klrd1","gWAT_KD_vs_CTL","gWAT","KEGG","DESeq2_Wald_stat","fgsea",1,0.05
"mmu05417","Lipid and atherosclerosis",180,0.486533654589232,2.17975291235939,1.82512164445907e-10,5.90675732206753e-09,3872,"50527/57257/12362/108078/13057/66824/11307/17970/12367/26398/20296/17969/18710/12028/21933/13058/11783/14102/56480/15894/22329/20848/11911/215449/22324/17096/20310/225471/17972/15461/21899/14825/12370/13063/18176/20656/17874/20344/24088/12314/20302/16160/16176/20293/14281/22030/15510/20339/19055/56489/26399/18707/18019/14083/14828/17087/13665/16151/22031/12322/22027/22059/16452/21353/16835/15519/18987/15525/26419/17392/18024/18127/109905/12048/12540/18035/16653/12323/12315/20304/11596/15481/21937/22359/56637/23797/106759/21926/21939","Ero1a,Vav3,Casp1,Olr1,Cyba,Pycard,Abcg1,Ncf2,Casp3,Map2k4,Ccl2,Ncf1,Pik3r3,Bax,Tnfrsf10b,Cybb,Apaf1,Fas,Tbk1,Icam1,Vcam1,Stat3,Atf4,Rap1b,Vav1,Lyn,Cxcl2,Ticam2,Ncf4,Hras,Tlr6,Cxcl1,Casp8,Cycs,Nras,Sod2,Myd88,Selp,Tlr2,Calm2,Ccl3,Il12b,Il1b,Ccl12,Fos,Traf2,Hspd1,Sele,Ppp3ca,Ikbke,Map2k6,Pik3cd,Nfatc2,Ptk2,Hspa5,Ly96,Eif2s1,Ikbkg,Traf3,Camk2a,Hsp90b1,Trp53,Jak2,Tank,Ldlr,Hsp90aa1,Pou2f2,Hspa4,Mapk8,Mmp3,Nfe2l2,Nos3,Rap1a,Bcl2l1,Cdc42,Nfkbia,Kras,Camk2b,Calm3,Ccl5,Ager,Hspa8,Tnfrsf1a,Vldlr,Gsk3b,Akt3,Ticam1,Tnf,Cd40","gWAT_KD_vs_CTL","gWAT","KEGG","DESeq2_Wald_stat","fgsea",1,0.05
"mmu05134","Legionellosis",53,0.681311371789399,2.46924126268564,5.87514462373462e-10,1.74295957170794e-08,1710,"12362/16414/66824/12367/17948/268973/17951/19324/17952/11783/18034/20310/14825/12370/13063/11840/17874/24088/16160/16176/15510/53791/20224/16409/20333","Casp1,Itgb2,Pycard,Casp3,Naip2,Nlrc4,Naip5,Rab1a,Naip6,Apaf1,Nfkb2,Cxcl2,Cxcl1,Casp8,Cycs,Arf1,Myd88,Tlr2,Il12b,Il1b,Hspd1,Tlr5,Sar1a,Itgam,Sec22b","gWAT_KD_vs_CTL","gWAT","KEGG","DESeq2_Wald_stat","fgsea",1,0.05
"mmu04210","Apoptosis",129,0.523225051222739,2.2324195508948,8.99995711495498e-10,2.46460364071075e-08,2692,"13040/22146/17210/13038/12984/12367/13036/16905/18710/12028/21933/11783/22145/14102/12983/11911/17873/12045/13804/15461/12370/13063/18176/11799/64138/13033/13030/22142/13039/14281/12125/22030/18707/57913/53859/26396/22029/16188/13665/19766/16151/14939/58801/26926/22059/11796/110157/26419/170770","Ctss,Tuba1c,Mcl1,Ctsk,Csf2rb2,Casp3,Ctsh,Lmna,Pik3r3,Bax,Tnfrsf10b,Apaf1,Tuba4a,Fas,Csf2rb,Atf4,Gadd45b,Bcl2a1b,Endog,Hras,Casp8,Cycs,Nras,Birc5,Ctsz,Ctsd,Ctsb,Tuba1a,Ctsl,Fos,Bcl2l11,Traf2,Pik3cd,Pidd1,Map3k14,Map2k2,Traf1,Il3ra,Eif2s1,Ripk1,Ikbkg,Gzmb,Pmaip1,Aifm1,Trp53,Birc3,Raf1,Mapk8,Bbc3","gWAT_KD_vs_CTL","gWAT","KEGG","DESeq2_Wald_stat","fgsea",1,0.05
"mmu05014","Amyotrophic lateral sclerosis",321,0.404465248797197,1.90851449619121,1.05981162320817e-09,2.69494955615793e-08,4029,"22146/12362/18141/26440/12367/26444/12028/68118/103172/18412/19324/21938/11783/22145/56480/227613/11911/19173/26442/67089/26446/13063/11950/19386/68375/23996/53333/26443/22142/26445/71648/22151/66997/12858/66152/18643/19166/66142/18391/19172/22030/22241/17463/22154/19055/26441/73205/11957/19185/26399/66694/17993/16572/433702/18226/19181/74764/14828/72900/110323/110379/22333/66046/72124/66576/20463/68342/66043/13665/12866/12859/12857/19170/66445/12867/11951/69875/22123/230075/68197/22059/17716/21762/17708/66413/71805/21353/19167/12865/59029/271457/228033/67130/329015/100042150/20422/74018/230908/229279/12048/67003/71679/66594/66218/76559/54563/67951/269523/226646/12861/11949/22272/70247/54405/67264/22273/66925/21937/53319/67530/56436/12869/66495/12359/21926/11946/11947/19177/17721/66414/19353","Tuba1c,Casp1,Nup50,Psma1,Casp3,Psma7,Bax,Atg101,Chchd10,Sqstm1,Rab1a,Tnfrsf1b,Apaf1,Tuba4a,Tbk1,Tubb4b,Atf4,Psmb5,Psma5,Psmc6,Psmb3,Cycs,Atp5pb,Ranbp2,Ndufa8,Psmc4,Tomm40,Psma6,Tuba1a,Psmb2,Optn,Tubb2a,Psmd12,Cox5a,Uqcr10,Pfn1,Psma2,Cox7b,Sigmar1,Psmb4,Traf2,Ulk1,Psmd7,Tubb5,Ppp3ca,Psma4,C9orf72,Atp5pf,Psmd4,Map2k6,Uqcrfs1,Ndufs4,Kif5a,Ncbp1,Nup62,Psmc2,Klc4,Hspa5,Ndufv2,Cox6b1,Sec13,Vdac1,Ndufb5,Seh1l,Uqcrh,Cox7a2l,Ndufb10,Atp5f1d,Eif2s1,Cox7a2,Cox5b,Cox4i1,Psmb1,Cyc1,Cox7c,Atp5mc1,Ndufa11,Psmd3,Ndufb6,Ndufc2,Trp53,mt-Nd1,Psmd2,mt-Co1,Psmd6,Nup93,Tank,Psma3,Cox7a1,Psmd14,Rab5a,Atp5mc3,Ndufa6,Atg2a,Nrg2,Sem1,Als2,Tardbp,Hnrnpa3,Bcl2l1,Uqcrc2,Atp5pd,Uqcr11,Ndufb9,Atg2b,Nup210,Tubb6,Vcp,Ndufs2,Cox6a1,Atp5f1c,Uqcrq,Psmd1,Ndufa1,Ndufb8,Uqcrc1,Sdhd,Tnfrsf1a,Nxf1,Uqcrb,Adrm1,Cox8b,Ndufb3,Cat,Tnf,Atp5f1a,Atp5f1b,Psmb7,mt-Nd5,Ndufa12,Rac1","gWAT_KD_vs_CTL","gWAT","KEGG","DESeq2_Wald_stat","fgsea",1,0.05
"mmu05323","Rheumatoid arthritis",66,0.629490602091507,2.39561917580563,1.23365761892441e-09,2.92788074891393e-08,1765,"27060/242341/11966/13038/16414/11964/20296/21934/14999/73834/20315/15894/114143/20310/14825/14960/11975/24088/14961/20302/14969/16176/13039/20293/14281/66290/21803/66335/14998/11972/12524","Tcirg1,Atp6v0d2,Atp6v1b2,Ctsk,Itgb2,Atp6v1a,Ccl2,Tnfrsf11a,H2-DMb1,Atp6v1d,Cxcl12,Icam1,Atp6v0b,Cxcl2,Cxcl1,H2-Aa,Atp6v0a1,Tlr2,H2-Ab1,Ccl3,H2-Eb1,Il1b,Ctsl,Ccl12,Fos,Atp6v1g1,Tgfb1,Atp6v1c1,H2-DMa,Atp6v0d1,Cd86","gWAT_KD_vs_CTL","gWAT","KEGG","DESeq2_Wald_stat","fgsea",1,0.05
"mmu00190","Oxidative phosphorylation",119,0.533143242538454,2.24180222230593,1.62397191496207e-09,3.52833470713304e-08,5074,"27060/242341/11966/11964/73834/114143/13063/11975/11950/68375/12858/66152/66142/69802/66290/67895/11957/66335/66694/17993/11972/72900/110323/66046/66576/20463/68342/66043/12866/12859/12857/66445/12867/21871/11951/69875/230075/68197/11973/17716/17708/27425/12865/228033/67130/11974/57423/54411/67003/71679/66594/66218/226646/12861/11949/22272/54405/67264/22273/66925/67530/12869/66495/11946/11947/110935/17721/66414/70383/66052/108664/67942/67184/66108/225887/67680/12864/66377/68349/17717/17992/12868/70316","Tcirg1,Atp6v0d2,Atp6v1b2,Atp6v1a,Atp6v1d,Atp6v0b,Cycs,Atp6v0a1,Atp5pb,Ndufa8,Cox5a,Uqcr10,Cox7b,Cox11,Atp6v1g1,Ppa1,Atp5pf,Atp6v1c1,Uqcrfs1,Ndufs4,Atp6v0d1,Ndufv2,Cox6b1,Ndufb5,Uqcrh,Cox7a2l,Ndufb10,Atp5f1d,Cox7a2,Cox5b,Cox4i1,Cyc1,Cox7c,Atp6v0a2,Atp5mc1,Ndufa11,Ndufb6,Ndufc2,Atp6v1e1,mt-Nd1,mt-Co1,Atp5mg,Cox7a1,Atp5mc3,Ndufa6,Atp6v0e,Atp5mf,Atp6ap1,Uqcrc2,Atp5pd,Uqcr11,Ndufb9,Ndufs2,Cox6a1,Atp5f1c,Uqcrq,Ndufa1,Ndufb8,Uqcrc1,Sdhd,Uqcrb,Cox8b,Ndufb3,Atp5f1a,Atp5f1b,Atp6v1b1,mt-Nd5,Ndufa12,Cox10,Sdhc,Atp6v1h,Atp5mc2,Ndufa13,Ndufa9,Ndufs8,Sdhb,Cox6c,Ndufc1,Ndufs3,mt-Nd2,Ndufa4,Cox8a,Ndufab1","gWAT_KD_vs_CTL","gWAT","KEGG","DESeq2_Wald_stat","fgsea",1,0.05
"mmu04062","Chemokine signaling pathway",166,0.48515615105566,2.14577796638054,1.68487893318151e-09,3.52833470713304e-08,4046,"57257/20307/20308/216869/14702/12774/320207/18753/20296/17969/18710/20305/20315/22376/15945/20848/215449/20306/20416/11513/277360/22324/17096/20303/20310/15162/15461/18751/14825/18176/94176/14191/234779/20302/140580/66102/12777/14784/12775/14701/20293/55985/12772/30955/12767/18479/18707/14773/19354/14083/104709/16151/12769/20299/16452/56744/104110/110157/216148/12927/12766/271849/110355/57266/17329/109905/12540/18035/16653/23832/57349/20304/20300/14688/56637/23797/26395/18747/14707/20846/20312/320129/19353/14710","Vav3,Ccl8,Ccl9,Arrb2,Gng2,Ccr5,Pik3r5,Prkcd,Ccl2,Ncf1,Pik3r3,Ccl6,Cxcl12,Was,Cxcl10,Stat3,Rap1b,Ccl7,Shc1,Adcy7,Prex1,Vav1,Lyn,Ccl4,Cxcl2,Hck,Hras,Prkcb,Cxcl1,Nras,Dock2,Fgr,Plcg2,Ccl3,Elmo1,Cxcl16,Ccr10,Grb2,Ccr7,Gng12,Ccl12,Cxcl13,Ccr2,Pik3cg,Cxcr4,Pak1,Pik3cd,Grk5,Rac2,Ptk2,Pik3r6,Ikbkg,Ccr9,Ccl22,Jak2,Pf4,Adcy4,Raf1,Shc2,Bcar1,Cxcr3,Shc4,Grk2,Cxcl14,Cxcl9,Rap1a,Cdc42,Nfkbia,Kras,Xcr1,Ppbp,Ccl5,Ccl25,Gnb1,Gsk3b,Akt3,Map2k1,Prkaca,Gng5,Stat1,Cx3cl1,Grk3,Rac1,Gngt2","gWAT_KD_vs_CTL","gWAT","KEGG","DESeq2_Wald_stat","fgsea",1,0.05
"mmu04148","Efferocytosis",149,0.488994532755796,2.1364084755882,9.86356387254959e-09,1.95079374368203e-07,2780,"16889/226421/12362/11491/12260/19261/233571/12367/13435/20393/12262/100038947/12894/12259/18442/668101/192187/69981/192188/56632/18263/19219/18613/140580/15251/55991/19217/15170/192654/21803/171285/12608/18019/66694/13857/14083/13609/26396/212555/19345/11980/240672/16153/11487/12322/16452/20501/19128/11938/271457/12927/12317/17164","Lipa,Rab7b,Casp1,Adam17,C1qb,Sirpa,P2ry6,Casp3,Dnmt3a,Sgk1,C1qc,Sirpb1c,Cpt1a,C1qa,P2ry2,Sirpb1b,Stab1,Tmem30a,Stab2,Sphk2,Odc1,Ptger4,Pecam1,Elmo1,Hif1a,Panx1,Ptger2,Ptpn6,Pla2g15,Tgfb1,Havcr2,Cebpb,Nfatc2,Uqcrfs1,Epor,Ptk2,S1pr1,Map2k2,Slc66a1,Rab5c,Atp8a1,Dusp5,Il10,Adam10,Camk2a,Jak2,Slc16a1,Pros1,Atp2a2,Rab5a,Bcar1,Calr,Mapkapk2","gWAT_KD_vs_CTL","gWAT","KEGG","DESeq2_Wald_stat","fgsea",1,0.05
"mmu05415","Diabetic cardiomyopathy",189,0.452995827685777,2.04436754389193,1.10018055629621e-08,1.95832139020725e-07,4029,"17227/13057/17970/17228/18753/17969/18710/13058/21812/27273/14782/20191/17972/11740/18751/11950/68375/13033/12858/66152/70456/66142/22334/21803/11957/17126/18707/66694/17993/17390/19354/72900/110323/22333/66046/66576/22335/20463/68342/66043/12866/12859/12857/66445/12322/12867/11951/69875/230075/68197/12896/232493/17716/17708/12865/11938/26419/228033/67130/18127/67003/71679/66594/66218/226646/12861/12323/11949/105675/22272/54405/17127/11596/67264/22273/66925/67530/12869/66495/56637/23797/19045/11946/11947/17721/66414/19353","Mcpt4,Cyba,Ncf2,Cma1,Prkcd,Ncf1,Pik3r3,Cybb,Tgfbr1,Pdk4,Gsr,Ryr2,Ncf4,Slc25a5,Prkcb,Atp5pb,Ndufa8,Ctsd,Cox5a,Uqcr10,Mpc2,Cox7b,Vdac2,Tgfb1,Atp5pf,Smad2,Pik3cd,Uqcrfs1,Ndufs4,Mmp2,Rac2,Ndufv2,Cox6b1,Vdac1,Ndufb5,Uqcrh,Vdac3,Cox7a2l,Ndufb10,Atp5f1d,Cox7a2,Cox5b,Cox4i1,Cyc1,Camk2a,Cox7c,Atp5mc1,Ndufa11,Ndufb6,Ndufc2,Cpt2,Gys2,mt-Nd1,mt-Co1,Cox7a1,Atp2a2,Mapk8,Atp5mc3,Ndufa6,Nos3,Uqcrc2,Atp5pd,Uqcr11,Ndufb9,Ndufs2,Cox6a1,Camk2b,Atp5f1c,Ppif,Uqcrq,Ndufa1,Smad3,Ager,Ndufb8,Uqcrc1,Sdhd,Uqcrb,Cox8b,Ndufb3,Gsk3b,Akt3,Ppp1ca,Atp5f1a,Atp5f1b,mt-Nd5,Ndufa12,Rac1","gWAT_KD_vs_CTL","gWAT","KEGG","DESeq2_Wald_stat","fgsea",1,0.05
"mmu05010","Alzheimer disease",338,0.389010708584255,1.85523397418885,1.0701965533084e-08,1.95832139020725e-07,3991,"22146/11491/26440/12367/68585/26444/227059/18710/68118/13058/11783/22145/14102/227613/68318/11911/19173/26442/67089/26446/11740/15461/12370/13063/18176/11950/20168/68375/23996/26443/12314/22142/26445/22151/66997/12858/16176/66152/19166/66142/19165/19172/22423/22334/22030/22241/17463/22154/19055/26441/11957/12289/19185/18707/66694/17993/16572/19164/19181/74764/72900/110323/26396/22333/66046/11816/66576/22335/12387/20463/68342/66043/13665/12866/213053/12859/12857/16151/19170/11487/66445/12867/16974/11951/69875/22123/230075/68197/17716/21762/17708/66413/110157/19167/12865/11820/59029/11938/26419/228033/67130/18174/329015/20422/67003/71679/66594/16653/66218/76559/67951/212398/226646/12861/12315/11949/105675/14368/22272/70247/54405/11596/67264/22273/66925/12671/21937/30791/67530/56436/12869/66495/56637/23797/26395/21926/11946/11947/50490/13544/19177/17721/66414","Tuba1c,Adam17,Psma1,Casp3,Rtn4,Psma7,Slc39a10,Pik3r3,Atg101,Cybb,Apaf1,Tuba4a,Fas,Tubb4b,Aph1c,Atf4,Psmb5,Psma5,Psmc6,Psmb3,Slc25a5,Hras,Casp8,Cycs,Nras,Atp5pb,Rtn3,Ndufa8,Psmc4,Psma6,Calm2,Tuba1a,Psmb2,Tubb2a,Psmd12,Cox5a,Il1b,Uqcr10,Psma2,Cox7b,Psen2,Psmb4,Wnt8b,Vdac2,Traf2,Ulk1,Psmd7,Tubb5,Ppp3ca,Psma4,Atp5pf,Cacna1d,Psmd4,Pik3cd,Uqcrfs1,Ndufs4,Kif5a,Psen1,Psmc2,Klc4,Ndufv2,Cox6b1,Map2k2,Vdac1,Ndufb5,Apoe,Uqcrh,Vdac3,Ctnnb1,Cox7a2l,Ndufb10,Atp5f1d,Eif2s1,Cox7a2,Slc39a14,Cox5b,Cox4i1,Ikbkg,Psmb1,Adam10,Cyc1,Cox7c,Lrp6,Atp5mc1,Ndufa11,Psmd3,Ndufb6,Ndufc2,mt-Nd1,Psmd2,mt-Co1,Psmd6,Raf1,Psma3,Cox7a1,App,Psmd14,Atp2a2,Mapk8,Atp5mc3,Ndufa6,Slc11a2,Atg2a,Sem1,Uqcrc2,Atp5pd,Uqcr11,Kras,Ndufb9,Atg2b,Tubb6,Frat2,Ndufs2,Cox6a1,Calm3,Atp5f1c,Ppif,Fzd6,Uqcrq,Psmd1,Ndufa1,Ager,Ndufb8,Uqcrc1,Sdhd,Chrm3,Tnfrsf1a,Slc39a1,Uqcrb,Adrm1,Cox8b,Ndufb3,Gsk3b,Akt3,Map2k1,Tnf,Atp5f1a,Atp5f1b,Nox4,Dvl3,Psmb7,mt-Nd5,Ndufa12","gWAT_KD_vs_CTL","gWAT","KEGG","DESeq2_Wald_stat","fgsea",1,0.05
"mmu05132","Salmonella infection",237,0.420732499056658,1.94146710565,1.40124330240665e-08,2.37544102693698e-07,3766,"22146/105855/226421/66713/12362/66824/12367/26398/74117/17948/74568/72318/12028/69582/11845/21933/268973/17951/17952/22145/67771/227613/22166/12363/11867/170760/15461/21899/12370/13063/11840/11308/17874/24088/140580/22142/105504/22151/19158/16176/18643/14281/110750/22030/76709/69146/30955/22154/53791/18479/56212/26399/18707/68097/100041194/19264/16572/74764/56378/26396/19345/12387/17087/16646/19766/16151/56532/12306/22027/18705/11796/67166/110157/15519/68724/271457/26419/66616/140579/19159/19349/56382/235661/12540/18704/18035/67951/12018/20336/56455/16648/21402/74734/19157/21937/27050/192656/23797/26395","Tuba1c,Nckap1l,Rab7b,Actr2,Casp1,Pycard,Casp3,Map2k4,Actr3,Naip2,Mlkl,Cyth4,Bax,Plekhm2,Arf6,Tnfrsf10b,Nlrc4,Naip5,Naip6,Tuba4a,Arpc5,Tubb4b,Txn1,Casp4,Arpc1b,Acbd3,Hras,Tlr6,Casp8,Cycs,Arf1,Abi1,Myd88,Tlr2,Elmo1,Tuba1a,Exoc5,Tubb2a,Cyth2,Il1b,Pfn1,Fos,Cse1l,Traf2,Arpc2,Gsdmd,Pik3cg,Tubb5,Tlr5,Pak1,Rhog,Map2k6,Pik3cd,Dynll2,Ahnak2,Ptprc,Kif5a,Klc4,Arpc3,Map2k2,Rab5c,Ctnnb1,Ly96,Kpna1,Ripk1,Ikbkg,Ripk3,Anxa2,Hsp90b1,Pik3c2g,Birc3,Arl8b,Raf1,Hsp90aa1,Arl8a,Rab5a,Mapk8,Snx9,Elmo2,Cyth3,Rab7,Rab9,Dync1li1,Cdc42,Pik3c2a,Nfkbia,Tubb6,Bak1,Exoc4,Dynll1,Kpna3,Skp1,Rhoh,Cyth1,Tnfrsf1a,Rps3,Ripk2,Akt3,Map2k1","gWAT_KD_vs_CTL","gWAT","KEGG","DESeq2_Wald_stat","fgsea",1,0.05
"mmu05022","Pathways of neurodegeneration - multiple diseases",413,0.359890421961299,1.74284394218937,2.91583266739412e-08,4.71834740723777e-07,3991,"22146/26440/12367/26444/12028/68118/18412/19324/13058/21938/11783/22145/14102/56480/227613/11911/53623/19173/26442/67089/20191/26446/11740/15461/18751/12370/13063/18176/11950/68375/23996/53333/26443/12314/22142/26445/71648/22151/66997/12858/16176/66152/19166/66142/19165/18391/19172/22423/22334/22030/22241/17463/22154/19055/26441/73205/11957/12289/19185/26399/66694/17993/16572/19164/19181/74764/14828/72900/110323/26396/22333/66046/66576/22335/12387/20463/68342/66043/13665/12866/12859/12857/19170/66445/12322/12867/56791/16974/11951/69875/22123/230075/68197/78294/17716/21762/217695/12064/17708/66413/110157/21353/19167/12865/11820/59029/11938/271457/26419/67847/228033/67130/329015/20422/74018/230908/12048/67003/71679/66594/16653/66218/76559/67951/269523/12018/212398/226646/12861/12323/12315/11949/105675/14368/22272/70247/54405/11596/67264/22273/66925/12671/21937/140499/67530/56436/12869/66495/56637/26395/12359/21926/11946/11947/50490/13544/19177/17721/66414","Tuba1c,Psma1,Casp3,Psma7,Bax,Atg101,Sqstm1,Rab1a,Cybb,Tnfrsf1b,Apaf1,Tuba4a,Fas,Tbk1,Tubb4b,Atf4,Gria3,Psmb5,Psma5,Psmc6,Ryr2,Psmb3,Slc25a5,Hras,Prkcb,Casp8,Cycs,Nras,Atp5pb,Ndufa8,Psmc4,Tomm40,Psma6,Calm2,Tuba1a,Psmb2,Optn,Tubb2a,Psmd12,Cox5a,Il1b,Uqcr10,Psma2,Cox7b,Psen2,Sigmar1,Psmb4,Wnt8b,Vdac2,Traf2,Ulk1,Psmd7,Tubb5,Ppp3ca,Psma4,C9orf72,Atp5pf,Cacna1d,Psmd4,Map2k6,Uqcrfs1,Ndufs4,Kif5a,Psen1,Psmc2,Klc4,Hspa5,Ndufv2,Cox6b1,Map2k2,Vdac1,Ndufb5,Uqcrh,Vdac3,Ctnnb1,Cox7a2l,Ndufb10,Atp5f1d,Eif2s1,Cox7a2,Cox5b,Cox4i1,Psmb1,Cyc1,Camk2a,Cox7c,Ube2l6,Lrp6,Atp5mc1,Ndufa11,Psmd3,Ndufb6,Ndufc2,Rps27a,mt-Nd1,Psmd2,Zfyve1,Bdnf,mt-Co1,Psmd6,Raf1,Tank,Psma3,Cox7a1,App,Psmd14,Atp2a2,Rab5a,Mapk8,Sncaip,Atp5mc3,Ndufa6,Atg2a,Sem1,Als2,Tardbp,Bcl2l1,Uqcrc2,Atp5pd,Uqcr11,Kras,Ndufb9,Atg2b,Tubb6,Vcp,Bak1,Frat2,Ndufs2,Cox6a1,Camk2b,Calm3,Atp5f1c,Ppif,Fzd6,Uqcrq,Psmd1,Ndufa1,Ager,Ndufb8,Uqcrc1,Sdhd,Chrm3,Tnfrsf1a,Ube2j2,Uqcrb,Adrm1,Cox8b,Ndufb3,Gsk3b,Map2k1,Cat,Tnf,Atp5f1a,Atp5f1b,Nox4,Dvl3,Psmb7,mt-Nd5,Ndufa12","gWAT_KD_vs_CTL","gWAT","KEGG","DESeq2_Wald_stat","fgsea",1,0.05
"mmu03050","Proteasome",44,0.674295465685774,2.36506924187761,3.3231927847609e-08,5.14372448423861e-07,3725,"26440/26444/19173/26442/19188/67089/26446/23996/26443/26445/66997/103554/19166/19171/19172/17463/16913/26441/19185/66537/19181/19170/22123/21762/66413/19167/59029/20422/621823/70247/16912/56436","Psma1,Psma7,Psmb5,Psma5,Psme2,Psmc6,Psmb3,Psmc4,Psma6,Psmb2,Psmd12,Psme4,Psma2,Psmb10,Psmb4,Psmd7,Psmb8,Psma4,Psmd4,Pomp,Psmc2,Psmb1,Psmd3,Psmd2,Psmd6,Psma3,Psmd14,Sem1,Psme2b,Psmd1,Psmb9,Adrm1","gWAT_KD_vs_CTL","gWAT","KEGG","DESeq2_Wald_stat","fgsea",1,0.05
"mmu04612","Antigen processing and presentation",62,0.620945471498403,2.32974280070233,4.0727723175789e-08,5.88696275248336e-07,4126,"13040/65972/19141/14999/15018/14972/19188/14960/16149/14961/13030/21356/14969/12330/13039/18045/15039/21354/14998/12265/14828/14964/14990/15015/15519/15525/16643/12317/18044/170767/621823/15481/14827/12504/21926/15001/14991/15024","Ctss,Ifi30,Lgmn,H2-DMb1,H2-Q7,H2-K1,Psme2,H2-Aa,Cd74,H2-Ab1,Ctsb,Tapbp,H2-Eb1,Canx,Ctsl,Nfyb,H2-T22,Tap1,H2-DMa,Ciita,Hspa5,H2-D1,H2-M2,H2-Q4,Hsp90aa1,Hspa4,Klrd1,Calr,Nfya,Rfxap,Psme2b,Hspa8,Pdia3,Cd4,Tnf,H2-Oa,H2-M3,H2-T10","gWAT_KD_vs_CTL","gWAT","KEGG","DESeq2_Wald_stat","fgsea",1,0.05
"mmu04613","Neutrophil extracellular trap formation",120,0.498270129360045,2.09879640150255,4.13410305651921e-08,5.88696275248336e-07,3499,"14131/12362/13057/16414/20963/17970/14129/170743/12273/17969/319158/18710/56644/13058/319156/246256/12363/170744/12796/17972/11740/18751/20345/234779/20344/24088/232440/22334/69146/319164/22371/69386/319149/16409/18707/319166/19354/26396/22333/15081/22335/14289/51788/107435/15182/110157/12728/68024/16399/319179/15139/12266/319176/97122/105675/11596","Fcgr3,Casp1,Cyba,Itgb2,Syk,Ncf2,Fcgr1,Tlr7,C5ar1,Ncf1,H4c9,Pik3r3,Clec7a,Cybb,H4c4,Fcgr4,Casp4,Tlr8,Camp,Ncf4,Slc25a5,Prkcb,Selplg,Plcg2,Selp,Tlr2,H2aj,Vdac2,Gsdmd,H2ac6,Vwf,H4c8,H3c4,Itgam,Pik3cd,H2ac8,Rac2,Map2k2,Vdac1,H3f3b,Vdac3,Fpr2,H2az1,Hat1,Hdac2,Raf1,Clcn5,H2bc4,Itga2b,H2bc6,Hc,C3,H2ac20,H4c14,Ppif,Ager","gWAT_KD_vs_CTL","gWAT","KEGG","DESeq2_Wald_stat","fgsea",1,0.05
"mmu04666","Fc gamma R-mediated phagocytosis",89,0.545147269346148,2.19997735849686,5.47888766334707e-08,7.50186156981368e-07,1912,"57257/14131/66713/20963/14129/18753/74117/17969/18710/11845/16331/22376/67771/14130/246256/22324/17096/11867/15162/18751/56632/12631/234779/18717/17909/76709/19012/18479/18707/30948/19264/19354/56378/18783","Vav3,Fcgr3,Actr2,Syk,Fcgr1,Prkcd,Actr3,Ncf1,Pik3r3,Arf6,Inpp5d,Was,Arpc5,Fcgr2b,Fcgr4,Vav1,Lyn,Arpc1b,Hck,Prkcb,Sphk2,Cfl1,Plcg2,Pip5k1c,Myo10,Arpc2,Plpp1,Pak1,Pik3cd,Bin1,Ptprc,Rac2,Arpc3,Pla2g4a","gWAT_KD_vs_CTL","gWAT","KEGG","DESeq2_Wald_stat","fgsea",1,0.05
"mmu05167","Kaposi sarcoma-associated herpesvirus infection",170,0.446984194818529,1.98256637213408,6.07192916039969e-08,8.0059510411196e-07,3879,"12575/57781/20963/14702/12774/12367/239849/320207/26398/18710/12028/14102/56480/15018/15894/20848/14972/277360/17096/20310/15162/15461/14825/12370/13063/18176/234779/74603/12314/15251/14701/14281/15039/22030/15976/30955/16451/19055/56489/26399/18707/18019/12524/26396/15975/12387/14964/14990/104709/16151/22031/11601/12571/15015/78294/22059/16452/110157/26419/17164/18591/67841/242705/18035/16653/12266/12018/12315/13557/21937/14688/56637/23797/26395/14707/106759/20846/12443","Cdkn1a,Cd200r1,Syk,Gng2,Ccr5,Casp3,Cd200r4,Pik3r5,Map2k4,Pik3r3,Bax,Fas,Tbk1,H2-Q7,Icam1,Stat3,H2-K1,Prex1,Lyn,Cxcl2,Hck,Hras,Cxcl1,Casp8,Cycs,Nras,Plcg2,Cd200r3,Calm2,Hif1a,Gng12,Fos,H2-T22,Traf2,Ifnar2,Pik3cg,Jak1,Ppp3ca,Ikbke,Map2k6,Pik3cd,Nfatc2,Cd86,Map2k2,Ifnar1,Ctnnb1,H2-D1,H2-M2,Pik3r6,Ikbkg,Traf3,Angpt2,Cdk6,H2-Q4,Rps27a,Trp53,Jak2,Raf1,Mapk8,Mapkapk2,Pdgfb,Atg3,E2f2,Nfkbia,Kras,C3,Bak1,Calm3,E2f3,Tnfrsf1a,Gnb1,Gsk3b,Akt3,Map2k1,Gng5,Ticam1,Stat1,Ccnd1","gWAT_KD_vs_CTL","gWAT","KEGG","DESeq2_Wald_stat","fgsea",1,0.05
"mmu04061","Viral protein interaction with cytokine and cytokine receptor",66,0.58665947623734,2.23261901968468,8.94041145236502e-08,1.13670945608641e-06,3985,"20307/20308/12774/20296/21933/20305/21938/20315/15945/20306/16154/20303/20310/14825/20302/12777/213208/12775/20293/55985/12772/12767/12978/16186/16153/17000/12769/20299/56744/12766/57266/17329/23832/57349/20304/20300/21937/16182/21926/20312/16185/16174","Ccl8,Ccl9,Ccr5,Ccl2,Tnfrsf10b,Ccl6,Tnfrsf1b,Cxcl12,Cxcl10,Ccl7,Il10ra,Ccl4,Cxcl2,Cxcl1,Ccl3,Ccr10,Il20rb,Ccr7,Ccl12,Cxcl13,Ccr2,Cxcr4,Csf1r,Il2rg,Il10,Ltbr,Ccr9,Ccl22,Pf4,Cxcr3,Cxcl14,Cxcl9,Xcr1,Ppbp,Ccl5,Ccl25,Tnfrsf1a,Il18r1,Tnf,Cx3cl1,Il2rb,Il18rap","gWAT_KD_vs_CTL","gWAT","KEGG","DESeq2_Wald_stat","fgsea",1,0.05
"mmu04142","Lysosome",124,0.486481710631221,2.06286867030995,1.68159408788819e-07,2.016691731242e-06,1848,"13040/12514/27060/16889/12492/242341/19141/18173/16792/13038/13036/110006/11605/211329/14420/12757/13423/114143/56722/19156/11975/64138/108012/13033/15211/67300/13030/13039/18145/16784/16783/17775/12752/192654/11972/67963/17159/15586","Ctss,Cd68,Tcirg1,Lipa,Scarb2,Atp6v0d2,Lgmn,Slc11a1,Laptm5,Ctsk,Ctsh,Gusb,Gla,Ncoa7,Galc,Clta,Dnase2a,Atp6v0b,Litaf,Psap,Atp6v0a1,Ctsz,Ap1s2,Ctsd,Hexa,Cltc,Ctsb,Ctsl,Npc1,Lamp2,Lamp1,Laptm4a,Cln3,Pla2g15,Atp6v0d1,Npc2,Man2b1,Hyal1","gWAT_KD_vs_CTL","gWAT","KEGG","DESeq2_Wald_stat","fgsea",1,0.05
"mmu05016","Huntington disease",275,0.391025631206682,1.83494795971984,1.69945932408034e-07,2.016691731242e-06,4153,"22146/26440/12367/26444/12028/11773/68118/12913/11783/22145/227613/12757/53623/19173/26442/67089/26446/11740/12370/13063/11950/20656/68375/23996/26443/67300/22142/26445/22151/66997/12858/66152/19166/66142/19172/22334/22030/22241/17463/22154/26441/11957/19185/66694/17993/16572/19181/74764/72900/110323/22333/66046/208677/66576/22335/20463/68342/66043/12866/12859/12857/19170/66445/12867/11951/69875/22123/230075/68197/22059/17716/21762/15182/12064/17708/66413/19167/12865/59029/26419/170770/228033/67130/329015/20422/67003/71679/66594/66218/76559/67951/226646/12861/11949/105675/22272/70247/54405/67264/22273/66925/67530/56436/12869/66495/20020/11946/11947/19177/17721/66414/67710/232910/227058/66052","Tuba1c,Psma1,Casp3,Psma7,Bax,Ap2m1,Atg101,Creb3,Apaf1,Tuba4a,Tubb4b,Clta,Gria3,Psmb5,Psma5,Psmc6,Psmb3,Slc25a5,Casp8,Cycs,Atp5pb,Sod2,Ndufa8,Psmc4,Psma6,Cltc,Tuba1a,Psmb2,Tubb2a,Psmd12,Cox5a,Uqcr10,Psma2,Cox7b,Psmb4,Vdac2,Traf2,Ulk1,Psmd7,Tubb5,Psma4,Atp5pf,Psmd4,Uqcrfs1,Ndufs4,Kif5a,Psmc2,Klc4,Ndufv2,Cox6b1,Vdac1,Ndufb5,Creb3l3,Uqcrh,Vdac3,Cox7a2l,Ndufb10,Atp5f1d,Cox7a2,Cox5b,Cox4i1,Psmb1,Cyc1,Cox7c,Atp5mc1,Ndufa11,Psmd3,Ndufb6,Ndufc2,Trp53,mt-Nd1,Psmd2,Hdac2,Bdnf,mt-Co1,Psmd6,Psma3,Cox7a1,Psmd14,Mapk8,Bbc3,Atp5mc3,Ndufa6,Atg2a,Sem1,Uqcrc2,Atp5pd,Uqcr11,Ndufb9,Atg2b,Tubb6,Ndufs2,Cox6a1,Atp5f1c,Ppif,Uqcrq,Psmd1,Ndufa1,Ndufb8,Uqcrc1,Sdhd,Uqcrb,Adrm1,Cox8b,Ndufb3,Polr2a,Atp5f1a,Atp5f1b,Psmb7,mt-Nd5,Ndufa12,Polr2g,Ap2s1,Dnah7b,Sdhc","gWAT_KD_vs_CTL","gWAT","KEGG","DESeq2_Wald_stat","fgsea",1,0.05
"mmu05163","Human cytomegalovirus infection",206,0.417023627719652,1.89984598175421,1.7686556949913e-07,2.03110137876421e-06,4059,"17246/12575/14702/12774/12367/20296/18710/12028/12913/14102/20315/56480/15018/20848/11911/14972/14674/11513/16154/75547/20303/15461/18751/12370/13063/18176/12314/19219/20302/21356/12578/16176/14784/14701/20293/19217/214763/15039/72512/22030/12767/21354/14673/16451/19055/26399/18707/18019/19354/14083/26396/208677/12387/14964/22033/14990/19766/16151/12571/15015/22059/104110/110157/19218/12927/12317/242705/18035/16653/12018/16410/19744/12315/20304/13557/16177/14827/21937/14688/56637/23797/26395/18747/14707/21926/12443/20312/19353/14710/14991","Mdm2,Cdkn1a,Gng2,Ccr5,Casp3,Ccl2,Pik3r3,Bax,Creb3,Fas,Cxcl12,Tbk1,H2-Q7,Stat3,Atf4,H2-K1,Gna13,Adcy7,Il10ra,Akap13,Ccl4,Hras,Prkcb,Casp8,Cycs,Nras,Calm2,Ptger4,Ccl3,Tapbp,Cdkn2a,Il1b,Grb2,Gng12,Ccl12,Ptger2,Cgas,H2-T22,Sting1,Traf2,Cxcr4,Tap1,Gna12,Jak1,Ppp3ca,Map2k6,Pik3cd,Nfatc2,Rac2,Ptk2,Map2k2,Creb3l3,Ctnnb1,H2-D1,Traf5,H2-M2,Ripk1,Ikbkg,Cdk6,H2-Q4,Trp53,Adcy4,Raf1,Ptger3,Bcar1,Calr,E2f2,Nfkbia,Kras,Bak1,Itgav,Rheb,Calm3,Ccl5,E2f3,Il1r1,Pdia3,Tnfrsf1a,Gnb1,Gsk3b,Akt3,Map2k1,Prkaca,Gng5,Tnf,Ccnd1,Cx3cl1,Rac1,Gngt2,H2-M3","gWAT_KD_vs_CTL","gWAT","KEGG","DESeq2_Wald_stat","fgsea",1,0.05
"mmu04517","IgSF CAM signaling",266,0.40084385618911,1.87372932330866,1.83748210283168e-07,2.04419883940024e-06,2052,"22146/18187/12523/57257/66713/16411/269116/16414/218397/12506/74117/18710/11845/17085/319504/75345/16331/22145/15894/67771/56524/227613/29875/54725/215449/13449/17973/22324/17096/68507/11867/58998/26904/18751/234779/22142/22151/14784/16822/12988/15170/224105/76709/22154/71566/16409/18106/18479/13448/640524/18707/68097/17886/12524/14083/56378/26396/270152/12387/18844/20563","Tuba1c,Nrp2,Cd84,Vav3,Actr2,Itgax,Nfasc,Itgb2,Rasa1,Cd48,Actr3,Pik3r3,Arf6,Ly9,Nrcam,Slamf7,Inpp5d,Tuba4a,Icam1,Arpc5,Pals2,Tubb4b,Iqgap1,Cadm1,Rap1b,Dok2,Nck1,Vav1,Lyn,Ppfia4,Arpc1b,Nectin3,Sh2d1b1,Prkcb,Plcg2,Tuba1a,Tubb2a,Grb2,Lcp2,Csk,Ptpn6,Pak2,Arpc2,Tubb5,Clmp,Itgam,Cd244a,Pak1,Dok1,Sptbn5,Pik3cd,Dynll2,Myh9,Cd86,Ptk2,Arpc3,Map2k2,Jaml,Ctnnb1,Plxna1,Slit2","gWAT_KD_vs_CTL","gWAT","KEGG","DESeq2_Wald_stat","fgsea",1,0.05
"mmu05140","Leishmaniasis",64,0.596229649955712,2.26738943505972,2.20104207377725e-07,2.37445750989304e-06,1684,"14131/13057/16414/17970/14129/17969/15980/14999/13058/246256/17972/18751/14960/17874/24088/14961/14969/16160/16176/14281/15170/16451/16409/21803/14998","Fcgr3,Cyba,Itgb2,Ncf2,Fcgr1,Ncf1,Ifngr2,H2-DMb1,Cybb,Fcgr4,Ncf4,Prkcb,H2-Aa,Myd88,Tlr2,H2-Ab1,H2-Eb1,Il12b,Il1b,Fos,Ptpn6,Jak1,Itgam,Tgfb1,H2-DMa","gWAT_KD_vs_CTL","gWAT","KEGG","DESeq2_Wald_stat","fgsea",1,0.05
"mmu04662","B cell receptor signaling pathway",74,0.557787855834194,2.18650888157041,3.53679545155423e-07,3.70323288456855e-06,2563,"57257/20963/14727/83490/18733/18710/16331/17060/14130/12229/22324/17096/14728/15461/18751/18176/234779/14784/14281/15170/108723/19055/12517/18707/18019/19354/26396/16151/18037/12483/110157/26377","Vav3,Syk,Lilrb4b,Pik3ap1,Pirb,Pik3r3,Inpp5d,Blnk,Fcgr2b,Btk,Vav1,Lyn,Lilrb4a,Hras,Prkcb,Nras,Plcg2,Grb2,Fos,Ptpn6,Card11,Ppp3ca,Cd72,Pik3cd,Nfatc2,Rac2,Map2k2,Ikbkg,Nfkbie,Cd22,Raf1,Dapp1","gWAT_KD_vs_CTL","gWAT","KEGG","DESeq2_Wald_stat","fgsea",1,0.05
"mmu04115","p53 signaling pathway",71,0.562933431024198,2.18764515109075,3.64532835474747e-07,3.70781969797172e-06,3612,"17246/29870/12450/12575/12367/13663/22401/12028/21933/12534/11783/14102/17873/12370/13063/230784/12578/268697/16000/12649/57913/20135/30954/58801/12571/68428/22059/12444/170770/12452/66940/12048/12448/98376/53892/12447/12442/23882/18787","Mdm2,Gtse1,Ccng1,Cdkn1a,Casp3,Ei24,Zmat3,Bax,Tnfrsf10b,Cdk1,Apaf1,Fas,Gadd45b,Casp8,Cycs,Sesn2,Cdkn2a,Ccnb1,Igf1,Chek1,Pidd1,Rrm2,Siva1,Pmaip1,Cdk6,Steap3,Trp53,Ccnd2,Bbc3,Ccng2,Shisa5,Bcl2l1,Ccne2,Gorab,Ppm1d,Ccne1,Ccnb2,Gadd45g,Serpine1","gWAT_KD_vs_CTL","gWAT","KEGG","DESeq2_Wald_stat","fgsea",1,0.05
"mmu04621","NOD-like receptor signaling pathway",150,0.456778701374322,1.99572526099688,3.86730791069701e-07,3.82433782280037e-06,2677,"18439/12362/13057/66824/18753/20296/17948/268973/17951/13058/17952/56480/22166/12363/20310/12796/14825/12370/67526/17874/246727/13030/19200/16176/55991/20293/72512/22334/22030/69146/15976/106512/16451/637515/56489/246730/22333/15975/22335/56486/22033/19766/16151/22031/56532/383619/11796/15951/21353/15519/74006/26419","P2rx7,Casp1,Cyba,Pycard,Prkcd,Ccl2,Naip2,Nlrc4,Naip5,Cybb,Naip6,Tbk1,Txn1,Casp4,Cxcl2,Camp,Cxcl1,Casp8,Atg12,Myd88,Oas3,Ctsb,Pstpip1,Il1b,Panx1,Ccl12,Sting1,Vdac2,Traf2,Gsdmd,Ifnar2,Gpsm3,Jak1,Nlrp1b,Ikbke,Oas1a,Vdac1,Ifnar1,Vdac3,Gabarap,Traf5,Ripk1,Ikbkg,Traf3,Ripk3,Aim2,Birc3,Ifi204,Tank,Hsp90aa1,Dnm1l,Mapk8","gWAT_KD_vs_CTL","gWAT","KEGG","DESeq2_Wald_stat","fgsea",1,0.05
"mmu04620","Toll-like receptor signaling pathway",85,0.52818814361939,2.11583876654514,5.77479919613355e-07,5.55629328060417e-06,2272,"13038/26398/170743/18710/27056/20750/56480/21897/15945/170744/20303/225471/21899/12370/17874/24088/20302/16160/16176/14281/15976/16451/53791/56489/26399/18707/12524/26396/15975/17087/19766/16151/22031/26410","Ctsk,Map2k4,Tlr7,Pik3r3,Irf5,Spp1,Tbk1,Tlr1,Cxcl10,Tlr8,Ccl4,Ticam2,Tlr6,Casp8,Myd88,Tlr2,Ccl3,Il12b,Il1b,Fos,Ifnar2,Jak1,Tlr5,Ikbke,Map2k6,Pik3cd,Cd86,Map2k2,Ifnar1,Ly96,Ripk1,Ikbkg,Traf3,Map3k8","gWAT_KD_vs_CTL","gWAT","KEGG","DESeq2_Wald_stat","fgsea",1,0.05
"mmu05150","Staphylococcus aureus infection",52,0.611427926219933,2.21156323775348,6.52063503615334e-07,6.10880545492261e-06,1684,"14131/12267/16414/12260/14129/12273/19204/12262/14999/12259/15894/14130/246256/12796/14960/20345/20344/14961/14969/16409/14998","Fcgr3,C3ar1,Itgb2,C1qb,Fcgr1,C5ar1,Ptafr,C1qc,H2-DMb1,C1qa,Icam1,Fcgr2b,Fcgr4,Camp,H2-Aa,Selplg,Selp,H2-Ab1,H2-Eb1,Itgam,H2-DMa","gWAT_KD_vs_CTL","gWAT","KEGG","DESeq2_Wald_stat","fgsea",1,0.05
"mmu04640","Hematopoietic cell lineage",72,0.539660512764731,2.10847390772129,1.07354917873574e-06,9.79957711871602e-06,3945,"12505/14129/16790/14999/16178/12982/12986/17311/16197/14960/14961/14969/16176/12978/16409/22042/14998/13857/16188/12483/14255/12527/12494/16401/16399/16590/16403/12493/13136/16177/12489/12504/21926/16402/15001","Cd44,Fcgr1,Anpep,H2-DMb1,Il1r2,Csf2ra,Csf3r,Kitl,Il7r,H2-Aa,H2-Ab1,H2-Eb1,Il1b,Csf1r,Itgam,Tfrc,H2-DMa,Epor,Il3ra,Cd22,Flt3,Cd9,Cd38,Itga4,Itga2b,Kit,Itga6,Cd37,Cd55,Il1r1,Cd33,Cd4,Tnf,Itga5,H2-Oa","gWAT_KD_vs_CTL","gWAT","KEGG","DESeq2_Wald_stat","fgsea",1,0.05
"mmu05208","Chemical carcinogenesis - reactive oxygen species",202,0.402795204875313,1.83334313464619,2.61487443988602e-06,2.32723825149856e-05,4562,"15368/13849/13057/17970/18753/26398/17969/18710/14873/11740/15461/18176/11950/20656/68375/19246/15234/12858/15251/66152/14784/66142/14281/22334/19271/11957/13850/18707/66694/17993/171429/58810/14083/53859/72900/110323/26396/22333/66046/66576/22335/20463/68342/66043/12866/12859/12857/16151/66445/12867/11951/69875/230075/68197/17716/17708/110157/12865/26419/228033/67130/13078/18024/13107/14859/67003/71679/18035/66594/16653/66218/18104/226646/12861/11949/105675/22272/54405/67264/22273/66925/67530/12869/66495/23797/26395/12359/11946/11947/50490/17721/66414/12408/19353/13106/57344/66052/75886/67942/67184/66108/11352/50868/74769/225887/20662/11652","Hmox1,Ephx1,Cyba,Ncf2,Prkcd,Map2k4,Ncf1,Pik3r3,Gsto1,Slc25a5,Hras,Nras,Atp5pb,Sod2,Ndufa8,Ptpn1,Hgf,Cox5a,Hif1a,Uqcr10,Grb2,Cox7b,Fos,Vdac2,Ptprj,Atp5pf,Ephx2,Pik3cd,Uqcrfs1,Ndufs4,Slc26a6,Akr1a1,Ptk2,Map3k14,Ndufv2,Cox6b1,Map2k2,Vdac1,Ndufb5,Uqcrh,Vdac3,Cox7a2l,Ndufb10,Atp5f1d,Cox7a2,Cox5b,Cox4i1,Ikbkg,Cyc1,Cox7c,Atp5mc1,Ndufa11,Ndufb6,Ndufc2,mt-Nd1,mt-Co1,Raf1,Cox7a1,Mapk8,Atp5mc3,Ndufa6,Cyp1b1,Nfe2l2,Cyp2f2,Gsta3,Uqcrc2,Atp5pd,Nfkbia,Uqcr11,Kras,Ndufb9,Nqo1,Ndufs2,Cox6a1,Atp5f1c,Ppif,Uqcrq,Ndufa1,Ndufb8,Uqcrc1,Sdhd,Uqcrb,Cox8b,Ndufb3,Akt3,Map2k1,Cat,Atp5f1a,Atp5f1b,Nox4,mt-Nd5,Ndufa12,Cbr1,Rac1,Cyp2e1,As3mt,Sdhc,Gstt4,Atp5mc2,Ndufa13,Ndufa9,Abl2,Keap1,Pik3cb,Ndufs8,Sos1,Akt2","gWAT_KD_vs_CTL","gWAT","KEGG","DESeq2_Wald_stat","fgsea",1,0.05
"mmu05168","Herpes simplex virus 1 infection",160,0.428974604321182,1.88221170942912,3.39024265194966e-06,2.94372288803434e-05,4126,"20963/12367/20296/18710/12028/15980/14999/11783/14102/56480/15018/14972/12370/14960/13063/16149/17874/24088/14961/246727/18636/21356/14969/16160/16176/20293/214763/15039/72512/22030/15976/21354/16451/56489/18707/14998/246730/15975/14964/22033/14990/13665/16151/22031/15015/22059/11796/16452/18987/12317/13667/15139/12048/18035/12266/12018/20382/19744/20304/20684/14827/21937/53319/23797/106759/19045/20846/21926/16402/15001/14991/68652/15024","Syk,Casp3,Ccl2,Pik3r3,Bax,Ifngr2,H2-DMb1,Apaf1,Fas,Tbk1,H2-Q7,H2-K1,Casp8,H2-Aa,Cycs,Cd74,Myd88,Tlr2,H2-Ab1,Oas3,Cfp,Tapbp,H2-Eb1,Il12b,Il1b,Ccl12,Cgas,H2-T22,Sting1,Traf2,Ifnar2,Tap1,Jak1,Ikbke,Pik3cd,H2-DMa,Oas1a,Ifnar1,H2-D1,Traf5,H2-M2,Eif2s1,Ikbkg,Traf3,H2-Q4,Trp53,Birc3,Jak2,Pou2f2,Calr,Eif2b4,Hc,Bcl2l1,Nfkbia,C3,Bak1,Srsf2,Rheb,Ccl5,Sp100,Pdia3,Tnfrsf1a,Nxf1,Akt3,Ticam1,Ppp1ca,Stat1,Tnf,Itga5,H2-Oa,H2-M3,Tab2,H2-T10","gWAT_KD_vs_CTL","gWAT","KEGG","DESeq2_Wald_stat","fgsea",1,0.05
"mmu04668","TNF signaling pathway",110,0.472378824930828,1.96684851927404,4.15987746869747e-06,3.52599137822929e-05,2802,"11491/12367/26398/20296/74568/18710/12913/21938/14102/15894/22329/15945/11911/16477/20310/14825/12370/16176/20293/14281/67457/22030/20339/26399/12608/18707/53859/208677/22029/73086/22033/17387/12051/19766/16151/22031/56532/26410/14205/11796/74006/26419/15953/17392","Adam17,Casp3,Map2k4,Ccl2,Mlkl,Pik3r3,Creb3,Tnfrsf1b,Fas,Icam1,Vcam1,Cxcl10,Atf4,Junb,Cxcl2,Cxcl1,Casp8,Il1b,Ccl12,Fos,Frmd8,Traf2,Sele,Map2k6,Cebpb,Pik3cd,Map3k14,Creb3l3,Traf1,Rps6ka5,Traf5,Mmp14,Bcl3,Ripk1,Ikbkg,Traf3,Ripk3,Map3k8,Vegfd,Birc3,Dnm1l,Mapk8,Ifi47,Mmp3","gWAT_KD_vs_CTL","gWAT","KEGG","DESeq2_Wald_stat","fgsea",1,0.05
"mmu04064","NF-kappa B signaling pathway",95,0.494740190753939,2.01376384814947,4.43043282619785e-06,3.66798624680566e-05,2208,"245527/217069/20963/21934/20315/15894/22329/17060/17873/18034/12229/17096/12045/20303/20310/225471/18751/14825/17874/234779/16176/22030/108723/57913/53859/22029/17087/22033/19766/16151/22031/17000","Eda2r,Trim25,Syk,Tnfrsf11a,Cxcl12,Icam1,Vcam1,Blnk,Gadd45b,Nfkb2,Btk,Lyn,Bcl2a1b,Ccl4,Cxcl2,Ticam2,Prkcb,Cxcl1,Myd88,Plcg2,Il1b,Traf2,Card11,Pidd1,Map3k14,Traf1,Ly96,Traf5,Ripk1,Ikbkg,Traf3,Ltbr","gWAT_KD_vs_CTL","gWAT","KEGG","DESeq2_Wald_stat","fgsea",1,0.05
"mmu05160","Hepatitis C",133,0.439563574268643,1.88957270552341,4.96063484954987e-06,4.01360456009035e-05,3879,"12575/12367/18710/12028/11783/14102/56480/15945/20848/15461/12370/58185/13063/18176/22631/246727/14784/22030/15976/16451/56489/15957/18707/19052/26396/246730/15975/12387/13665/19053/19766/16151/22031/17857/12571/22059/110157/16835/12737/52432/242705/18035/16653/22259/12018/13557/21937/20778/56637/23797/26395/106759/20846/21926/12443","Cdkn1a,Casp3,Pik3r3,Bax,Apaf1,Fas,Tbk1,Cxcl10,Stat3,Hras,Casp8,Rsad2,Cycs,Nras,Ywhaz,Oas3,Grb2,Traf2,Ifnar2,Jak1,Ikbke,Ifit1,Pik3cd,Ppp2ca,Map2k2,Oas1a,Ifnar1,Ctnnb1,Eif2s1,Ppp2cb,Ripk1,Ikbkg,Traf3,Mx1,Cdk6,Trp53,Raf1,Ldlr,Cldn1,Ppp2r2d,E2f2,Nfkbia,Kras,Nr1h3,Bak1,E2f3,Tnfrsf1a,Scarb1,Gsk3b,Akt3,Map2k1,Ticam1,Stat1,Tnf,Ccnd1","gWAT_KD_vs_CTL","gWAT","KEGG","DESeq2_Wald_stat","fgsea",1,0.05
"mmu04625","C-type lectin receptor signaling pathway",102,0.481500521242075,1.96966794595201,1.17178097867089e-05,9.06856583493126e-05,3239,"17246/14127/12795/12362/20963/66824/17474/18753/69810/18710/56644/56620/18034/13654/15461/12370/18176/234779/12314/16160/16176/19055/56619/18479/56489/18707/18019/53859/12051/16153/16151/17532/20299/110157/26419/17164/12042/56760/18035/16653","Mdm2,Fcer1g,Plk3,Casp1,Syk,Pycard,Clec4d,Prkcd,Clec4b1,Pik3r3,Clec7a,Clec4n,Nfkb2,Egr2,Hras,Casp8,Nras,Plcg2,Calm2,Il12b,Il1b,Ppp3ca,Clec4e,Pak1,Ikbke,Pik3cd,Nfatc2,Map3k14,Bcl3,Il10,Ikbkg,Mras,Ccl22,Raf1,Mapk8,Mapkapk2,Bcl10,Clec1b,Nfkbia,Kras","gWAT_KD_vs_CTL","gWAT","KEGG","DESeq2_Wald_stat","fgsea",1,0.05
"mmu05135","Yersinia infection",131,0.447113162710192,1.91258984472015,1.1711367781925e-05,9.06856583493126e-05,2153,"57257/14131/66713/12362/66824/23880/26398/20296/74117/18710/11845/268973/56480/22376/67771/22324/11867/17874/140580/215280/18717/16176/16822/20293/14281/54353/22030/76709/56212/26399/18707/18019/19354/14083/56378/26396/16153/16151","Vav3,Fcgr3,Actr2,Casp1,Pycard,Fyb1,Map2k4,Ccl2,Actr3,Pik3r3,Arf6,Nlrc4,Tbk1,Was,Arpc5,Vav1,Arpc1b,Myd88,Elmo1,Wipf1,Pip5k1c,Il1b,Lcp2,Ccl12,Fos,Skap2,Traf2,Arpc2,Rhog,Map2k6,Pik3cd,Nfatc2,Rac2,Ptk2,Arpc3,Map2k2,Il10,Ikbkg","gWAT_KD_vs_CTL","gWAT","KEGG","DESeq2_Wald_stat","fgsea",1,0.05
"mmu05203","Viral carcinogenesis",173,0.402344227985705,1.78905966468647,1.28360476554513e-05,9.72262333051206e-05,3375,"17246/12575/242341/20963/12774/12367/12579/319158/18710/12028/12534/12913/15018/20848/11911/18034/14972/319156/17096/13654/15461/12370/18176/12428/22631/12578/14784/15039/22030/16451/69386/19696/229906/18707/12649/11972/18746/208677/22029/22335/14964/22033/14990/16151/22031/17000/58801/83602/12571/15015/22059/234729/15182/14884/12444/17164/68024/19385/68153/319179/12448/12540/18035/16653/12266/12018/97122/12447","Mdm2,Cdkn1a,Atp6v0d2,Syk,Ccr5,Casp3,Cdkn2b,H4c9,Pik3r3,Bax,Cdk1,Creb3,H2-Q7,Stat3,Atf4,Nfkb2,H2-K1,H4c4,Lyn,Egr2,Hras,Casp8,Nras,Ccna2,Ywhaz,Cdkn2a,Grb2,H2-T22,Traf2,Jak1,H4c8,Rel,Gtf2b,Pik3cd,Chek1,Atp6v0d1,Pkm,Creb3l3,Traf1,Vdac3,H2-D1,Traf5,H2-M2,Ikbkg,Traf3,Ltbr,Pmaip1,Gtf2a1,Cdk6,H2-Q4,Trp53,Vac14,Hdac2,Gtf2h1,Ccnd2,Mapkapk2,H2bc4,Ranbp1,Gtf2e2,H2bc6,Ccne2,Cdc42,Nfkbia,Kras,C3,Bak1,H4c14,Ccne1","gWAT_KD_vs_CTL","gWAT","KEGG","DESeq2_Wald_stat","fgsea",1,0.05
"mmu05170","Human immunodeficiency virus 1 infection",190,0.386377574680807,1.74529813011224,1.47153274584689e-05,0.000109138678650311,4173,"14702/12774/12367/18710/12028/12534/21938/14102/56480/15018/14972/15461/18751/12370/13063/18176/108012/17874/12631/234779/24088/12314/21356/14701/214763/14281/15039/268697/72512/224105/22030/26965/12767/21354/19055/18479/26399/18707/18019/12649/19354/14083/26396/56045/14964/22033/14990/19766/16151/15015/110157/22390/19823/26419/12317/11765/12048/18035/16653/12018/12315/12442/21402/252903/14827/21937/14688/23797/26395/14707/12504/21926/19353/14710/14991/68652/15024/19303","Gng2,Ccr5,Casp3,Pik3r3,Bax,Cdk1,Tnfrsf1b,Fas,Tbk1,H2-Q7,H2-K1,Hras,Prkcb,Casp8,Cycs,Nras,Ap1s2,Myd88,Cfl1,Plcg2,Tlr2,Calm2,Tapbp,Gng12,Cgas,Fos,H2-T22,Ccnb1,Sting1,Pak2,Traf2,Cul1,Cxcr4,Tap1,Ppp3ca,Pak1,Map2k6,Pik3cd,Nfatc2,Chek1,Rac2,Ptk2,Map2k2,Samhd1,H2-D1,Traf5,H2-M2,Ripk1,Ikbkg,H2-Q4,Raf1,Wee1,Rnf7,Mapk8,Calr,Ap1g1,Bcl2l1,Nfkbia,Kras,Bak1,Calm3,Ccnb2,Skp1,Ap1s3,Pdia3,Tnfrsf1a,Gnb1,Akt3,Map2k1,Gng5,Cd4,Tnf,Rac1,Gngt2,H2-M3,Tab2,H2-T10,Pxn","gWAT_KD_vs_CTL","gWAT","KEGG","DESeq2_Wald_stat","fgsea",1,0.05
"mmu04664","Fc epsilon RI signaling pathway",57,0.549756099648906,2.02975425244059,1.52934896289642e-05,0.000111111883834923,1912,"57257/14127/20963/26398/18710/14126/11690/16331/14125/12229/22324/17096/15461/18176/234779/14784/16822/26399/18707/19354/26396/18783","Vav3,Fcer1g,Syk,Map2k4,Pik3r3,Ms4a2,Alox5ap,Inpp5d,Fcer1a,Btk,Vav1,Lyn,Hras,Nras,Plcg2,Grb2,Lcp2,Map2k6,Pik3cd,Rac2,Map2k2,Pla2g4a","gWAT_KD_vs_CTL","gWAT","KEGG","DESeq2_Wald_stat","fgsea",1,0.05
"mmu00100","Steroid biosynthesis",17,0.760381265262174,2.16089674529475,1.71909759672454e-05,0.000122399748886787,3536,"20652/16889/13595/66234/13121/15490/13360/244209/18194/74754/235293/20775/16987/73166","Soat1,Lipa,Ebp,Msmo1,Cyp51,Hsd17b7,Dhcr7,Cyp2r1,Nsdhl,Dhcr24,Sc5d,Sqle,Lss,Tm7sf2","gWAT_KD_vs_CTL","gWAT","KEGG","DESeq2_Wald_stat","fgsea",1,0.05
"mmu04514","Cell adhesion molecule (CAM) interaction",132,0.438263672170704,1.87845716277164,2.37614474776491e-05,0.000165864221608688,4854,"269116/16414/20969/20970/14999/319504/15018/15894/22329/54725/14972/58998/14960/20345/20344/14961/20612/11658/18613/14969/15039/20339/16409/102657/14998/19264/12524/270152/14964/14990/12483/15015/67374/12737/17136/16401/12558/15896/60533/16403/16456/239250/16410/16412/17528/20737/12487/12504/21939/320910/69524/15001/18260/14991/12741/12519/104099/15024/20343/58187/58235/381091/18191/16408/12526/50723/12525/15040/18417","Nfasc,Itgb2,Sdc1,Sdc3,H2-DMb1,Nrcam,H2-Q7,Icam1,Vcam1,Cadm1,H2-K1,Nectin3,H2-Aa,Selplg,Selp,H2-Ab1,Siglec1,Alcam,Pecam1,H2-Eb1,H2-T22,Sele,Itgam,Cd276,H2-DMa,Ptprc,Cd86,Jaml,H2-D1,H2-M2,Cd22,H2-Q4,Jam2,Cldn1,Mag,Itga4,Cdh2,Icam2,Cd274,Itga6,F11r,Slitrk6,Itgav,Itgb1,Mpz,Spn,Cd28,Cd4,Cd40,Itgb8,Esam,H2-Oa,Ocln,H2-M3,Cldn5,Cd80,Itga9,H2-T10,Sell,Cldn10,Nectin1,H2-Eb2,Nrxn3,Itgal,Cd8b1,Icosl,Cd8a,H2-T23,Cldn11","gWAT_KD_vs_CTL","gWAT","KEGG","DESeq2_Wald_stat","fgsea",1,0.05
"mmu05145","Toxoplasmosis",102,0.472840356850825,1.93424192364135,2.43874809194817e-05,0.000166960446294913,4562,"12774/12367/320207/15980/14999/20848/16154/12370/14960/13063/17874/24088/14961/14969/16160/30955/16451/21803/26399/14998/12265/17087/104709/226519/16153/16151/11796/16452/16835/26419/12048/16403/18035/16412/105675/15481/21937/23797/20846/21926/21939/15001/68652/16780/26397/14678/16776/381091/11652","Ccr5,Casp3,Pik3r5,Ifngr2,H2-DMb1,Stat3,Il10ra,Casp8,H2-Aa,Cycs,Myd88,Tlr2,H2-Ab1,H2-Eb1,Il12b,Pik3cg,Jak1,Tgfb1,Map2k6,H2-DMa,Ciita,Ly96,Pik3r6,Lamc1,Il10,Ikbkg,Birc3,Jak2,Ldlr,Mapk8,Bcl2l1,Itga6,Nfkbia,Itgb1,Ppif,Hspa8,Tnfrsf1a,Akt3,Stat1,Tnf,Cd40,H2-Oa,Tab2,Lamb3,Map2k3,Gnai2,Lama5,H2-Eb2,Akt2","gWAT_KD_vs_CTL","gWAT","KEGG","DESeq2_Wald_stat","fgsea",1,0.05
"mmu05144","Malaria",48,0.567184351404059,2.03128834340106,2.49593360969399e-05,0.000167651389632275,2556,"16414/20969/20296/15894/22329/27007/17874/15234/20344/24088/18613/16176/20293/170733/13349/20339/21803/16153/17057/16627","Itgb2,Sdc1,Ccl2,Icam1,Vcam1,Klrk1,Myd88,Hgf,Selp,Tlr2,Pecam1,Il1b,Ccl12,Klra17,Ackr1,Sele,Tgfb1,Il10,Klrb1a,Klra1","gWAT_KD_vs_CTL","gWAT","KEGG","DESeq2_Wald_stat","fgsea",1,0.05
"mmu04672","Intestinal immune network for IgA production",34,0.636576515170362,2.12398397153505,2.54976747186386e-05,0.000168095781478432,4113,"14999/20315/14960/14961/14969/12777/12767/21803/14998/12524/53859/16153/17000/12769/16401/57916/20300/21935/12487/21939/15001/16169/12519","H2-DMb1,Cxcl12,H2-Aa,H2-Ab1,H2-Eb1,Ccr10,Cxcr4,Tgfb1,H2-DMa,Cd86,Map3k14,Il10,Ltbr,Ccr9,Itga4,Tnfrsf13b,Ccl25,Tnfrsf17,Cd28,Cd40,H2-Oa,Il15ra,Cd80","gWAT_KD_vs_CTL","gWAT","KEGG","DESeq2_Wald_stat","fgsea",1,0.05
"mmu04940","Type I diabetes mellitus",34,0.635088213515714,2.11901814451513,2.76792739704398e-05,0.000179160391517756,4126,"14999/14102/15018/14972/14960/14961/14969/16160/16176/15039/15510/14998/12524/14964/14990/14939/15015/12487/21926/15001/12876/14991/12519/15024","H2-DMb1,Fas,H2-Q7,H2-K1,H2-Aa,H2-Ab1,H2-Eb1,Il12b,Il1b,H2-T22,Hspd1,H2-DMa,Cd86,H2-D1,H2-M2,Gzmb,H2-Q4,Cd28,Tnf,H2-Oa,Cpe,H2-M3,Cd80,H2-T10","gWAT_KD_vs_CTL","gWAT","KEGG","DESeq2_Wald_stat","fgsea",1,0.05
"mmu05330","Allograft rejection",32,0.632488968287917,2.09427930588353,3.13870014420352e-05,0.000199531652024367,4126,"14999/14102/15018/14972/14960/14961/14969/16160/15039/14998/12524/14964/14990/16153/14939/15015/12487/21926/21939/15001/14991/12519/15024","H2-DMb1,Fas,H2-Q7,H2-K1,H2-Aa,H2-Ab1,H2-Eb1,Il12b,H2-T22,H2-DMa,Cd86,H2-D1,H2-M2,Il10,Gzmb,H2-Q4,Cd28,Tnf,Cd40,H2-Oa,H2-M3,Cd80,H2-T10","gWAT_KD_vs_CTL","gWAT","KEGG","DESeq2_Wald_stat","fgsea",1,0.05
"mmu04217","Necroptosis",115,0.438760055216942,1.83294938736372,4.15669543306001e-05,0.000259611153363046,4290,"12362/66824/74568/12028/15980/21933/18412/13058/14102/20848/14325/225471/11740/12370/16176/232440/22334/22030/15976/319164/16451/319166/58203/22333/18783/15975/22335/22033/19766/56532/12322/26926/11796/16452/51788/15519/74006/26419/208092/319176/12323/21937/20479/106759/20846/21926/21929/15270/14661/26914/232889/68953/14645/22035","Casp1,Pycard,Mlkl,Bax,Ifngr2,Tnfrsf10b,Sqstm1,Cybb,Fas,Stat3,Ftl1,Ticam2,Slc25a5,Casp8,Il1b,H2aj,Vdac2,Traf2,Ifnar2,H2ac6,Jak1,H2ac8,Zbp1,Vdac1,Pla2g4a,Ifnar1,Vdac3,Traf5,Ripk1,Ripk3,Camk2a,Aifm1,Birc3,Jak2,H2az1,Hsp90aa1,Dnm1l,Mapk8,Chmp6,H2ac20,Camk2b,Tnfrsf1a,Vps4b,Ticam1,Stat1,Tnf,Tnfaip3,H2ax,Glud1,Macroh2a1,Pla2g4c,Chmp2a,Glul,Tnfsf10","gWAT_KD_vs_CTL","gWAT","KEGG","DESeq2_Wald_stat","fgsea",1,0.05
"mmu05310","Asthma",17,0.735550746666239,2.0903318993823,5.1177871214629e-05,0.000314126244007033,2152,"14127/14126/14999/14125/14960/14961/14969/14998/19074/16153","Fcer1g,Ms4a2,H2-DMb1,Fcer1a,H2-Aa,H2-Ab1,H2-Eb1,H2-DMa,Prg2,Il10","gWAT_KD_vs_CTL","gWAT","KEGG","DESeq2_Wald_stat","fgsea",1,0.05
"mmu04216","Ferroptosis",37,0.614696096338567,2.08446291658147,5.33349652270634e-05,0.000321817756285332,2413,"15368/74205/53945/14854/14630/13058/14792/14325/50790/20229/22334/17254/22042/22335/213053/68428/22059","Hmox1,Acsl3,Slc40a1,Gss,Gclm,Cybb,Lpcat3,Ftl1,Acsl4,Sat1,Vdac2,Slc3a2,Tfrc,Vdac3,Slc39a14,Steap3,Trp53","gWAT_KD_vs_CTL","gWAT","KEGG","DESeq2_Wald_stat","fgsea",1,0.05
"mmu04657","IL-17 signaling pathway",72,0.487370206124066,1.90417371422788,5.56424738454465e-05,0.000330145344816316,2802,"22032/12367/20201/20296/14283/56480/15945/20306/20310/14825/12370/16176/20293/14281/50772/22030/56489/12608/22033/16151/22031/17386/22027/15519/26419/30940/17392","Traf4,Casp3,S100a8,Ccl2,Fosl1,Tbk1,Cxcl10,Ccl7,Cxcl2,Cxcl1,Casp8,Il1b,Ccl12,Fos,Mapk6,Traf2,Ikbke,Cebpb,Traf5,Ikbkg,Traf3,Mmp13,Hsp90b1,Hsp90aa1,Mapk8,Usp25,Mmp3","gWAT_KD_vs_CTL","gWAT","KEGG","DESeq2_Wald_stat","fgsea",1,0.05
"mmu05332","Graft-versus-host disease",31,0.629528258163568,2.07531241965607,7.10290024834529e-05,0.000407843949743698,4126,"14999/14102/15018/14972/14960/14961/14969/16176/15039/14998/12524/14964/14990/14939/15015/16643/12487/21926/15001/14991/12519/15024","H2-DMb1,Fas,H2-Q7,H2-K1,H2-Aa,H2-Ab1,H2-Eb1,Il1b,H2-T22,H2-DMa,Cd86,H2-D1,H2-M2,Gzmb,H2-Q4,Klrd1,Cd28,Tnf,H2-Oa,H2-M3,Cd80,H2-T10","gWAT_KD_vs_CTL","gWAT","KEGG","DESeq2_Wald_stat","fgsea",1,0.05
"mmu04072","Phospholipase D signaling pathway",125,0.425262652920762,1.79989147199805,7.02279875016871e-05,0.000407843949743698,3766,"14127/20963/320207/68262/72318/18710/11845/14126/14125/14062/14674/20416/17311/11513/15461/19730/18176/11840/56632/234779/67168/18590/18717/19158/14784/19012/30955/14673/18707/104418/26396/18783/104709/65086/17532/104110/110157/216148/56508/271849/18591/19159/16590/16653/19744/14389/67512/20698/19157/23797/26395","Fcer1g,Syk,Pik3r5,Agpat4,Cyth4,Pik3r3,Arf6,Ms4a2,Fcer1a,F2r,Gna13,Shc1,Kitl,Adcy7,Hras,Ralgds,Nras,Arf1,Sphk2,Plcg2,Lpar6,Pdgfa,Pip5k1c,Cyth2,Grb2,Plpp1,Pik3cg,Gna12,Pik3cd,Dgkz,Map2k2,Pla2g4a,Pik3r6,Lpar3,Mras,Adcy4,Raf1,Shc2,Rapgef4,Shc4,Pdgfb,Cyth3,Kit,Kras,Rheb,Gab2,Agpat2,Sphk1,Cyth1,Akt3,Map2k1","gWAT_KD_vs_CTL","gWAT","KEGG","DESeq2_Wald_stat","fgsea",1,0.05
"mmu05142","Chagas disease",94,0.450020835766097,1.82882320442286,8.16085937697688e-05,0.000461153323524408,3852,"12260/26398/20296/18710/15980/12262/14102/12259/21812/21899/12370/17874/24088/20302/16160/16176/20293/14281/21803/17126/18707/19052/19053/16153/16151/14676/26419/12317/52432/18035/12266/20304/18787/21937/23797/106759/21926","C1qb,Map2k4,Ccl2,Pik3r3,Ifngr2,C1qc,Fas,C1qa,Tgfbr1,Tlr6,Casp8,Myd88,Tlr2,Ccl3,Il12b,Il1b,Ccl12,Fos,Tgfb1,Smad2,Pik3cd,Ppp2ca,Ppp2cb,Il10,Ikbkg,Gna15,Mapk8,Calr,Ppp2r2d,Nfkbia,C3,Ccl5,Serpine1,Tnfrsf1a,Akt3,Ticam1,Tnf","gWAT_KD_vs_CTL","gWAT","KEGG","DESeq2_Wald_stat","fgsea",1,0.05
"mmu05166","Human T-cell leukemia virus 1 infection",215,0.365924448869107,1.66956415034634,8.50463790066517e-05,0.0004730704832245,3946,"12575/16414/20375/26398/12579/18710/12028/14283/12913/14999/16178/15018/15894/21812/11911/18034/14972/11513/13654/11740/15461/14960/18176/12428/110196/14961/14969/12578/12330/18045/14281/15039/22334/16451/19055/21803/17126/18707/18019/12649/14998/16186/53859/26396/22333/208677/22335/105988/19384/14964/14990/103573/16151/17000/15015/22059/234729/104110/12444/26419/12317/56150/19385/12048/12448/242705/18035/12236/16653/217232/12447/12442/17127/13557/16177/21937/23797/26395/18747/12504/21926/21939/12443/15001/16185","Cdkn1a,Itgb2,Spi1,Map2k4,Cdkn2b,Pik3r3,Bax,Fosl1,Creb3,H2-DMb1,Il1r2,H2-Q7,Icam1,Tgfbr1,Atf4,Nfkb2,H2-K1,Adcy7,Egr2,Slc25a5,Hras,H2-Aa,Nras,Ccna2,Fdps,H2-Ab1,H2-Eb1,Cdkn2a,Canx,Nfyb,Fos,H2-T22,Vdac2,Jak1,Ppp3ca,Tgfb1,Smad2,Pik3cd,Nfatc2,Chek1,H2-DMa,Il2rg,Map3k14,Map2k2,Vdac1,Creb3l3,Vdac3,Espl1,Ran,H2-D1,H2-M2,Xpo1,Ikbkg,Ltbr,H2-Q4,Trp53,Vac14,Adcy4,Ccnd2,Mapk8,Calr,Mad2l1,Ranbp1,Bcl2l1,Ccne2,E2f2,Nfkbia,Bub1b,Kras,Cdc27,Ccne1,Ccnb2,Smad3,E2f3,Il1r1,Tnfrsf1a,Akt3,Map2k1,Prkaca,Cd4,Tnf,Cd40,Ccnd1,H2-Oa,Il2rb","gWAT_KD_vs_CTL","gWAT","KEGG","DESeq2_Wald_stat","fgsea",1,0.05
"mmu05200","Pathways in cancer",459,0.30455252839472,1.48739640736381,9.60333495816565e-05,0.000525967268477996,4081,"17246/12575/22032/15368/12984/14702/12367/20375/12579/18710/12028/15980/11783/14102/12983/20315/14873/21812/12982/20848/17873/18034/14062/14674/12986/17311/11513/16197/17688/15461/18751/12370/19730/13063/18176/12428/11799/19713/15234/14178/234779/12314/19401/19219/67168/12578/27015/50493/22346/16160/18590/15251/14784/14701/19217/14281/12125/22423/17342/22030/26965/15976/12767/12978/14673/16451/16000/21803/17126/18707/18712/13857/16186/17390/19354/14083/12394/26396/22029/73086/15975/59069/16188/12387/22033/226519/21787/65086/16151/22031/12322/58801/16974/12571/14255/14194/14205/22027/22059/11796/16452/104110/15182/110157/15519/19218/19361/12444/13143/26419/170770/18024/18591/16399/14859/16590/12048/12448/12540/16403/242705/18035/16653/54124/12018/18104/212398/16410/14869/12447/16412/12323/12315/14368/16164/13144/17979/17127/13557/23882/13614/14184/21402/14183/14688/56637/23797/26395/18747/14707/20846/12827/12443/13618/13544/16185/16169/19353/69635/14710/18596/12826/54354","Mdm2,Cdkn1a,Traf4,Hmox1,Csf2rb2,Gng2,Casp3,Spi1,Cdkn2b,Pik3r3,Bax,Ifngr2,Apaf1,Fas,Csf2rb,Cxcl12,Gsto1,Tgfbr1,Csf2ra,Stat3,Gadd45b,Nfkb2,F2r,Gna13,Csf3r,Kitl,Adcy7,Il7r,Msh6,Hras,Prkcb,Casp8,Ralgds,Cycs,Nras,Ccna2,Birc5,Ret,Hgf,Fgf7,Plcg2,Calm2,Rara,Ptger4,Lpar6,Cdkn2a,Polk,Txnrd1,Vhl,Il12b,Pdgfa,Hif1a,Grb2,Gng12,Ptger2,Fos,Bcl2l11,Wnt8b,Mitf,Traf2,Cul1,Ifnar2,Cxcr4,Csf1r,Gna12,Jak1,Igf1,Tgfb1,Smad2,Pik3cd,Pim1,Epor,Il2rg,Mmp2,Rac2,Ptk2,Runx1,Map2k2,Traf1,Rps6ka5,Ifnar1,Tpm3,Il3ra,Ctnnb1,Traf5,Lamc1,Tfg,Lpar3,Ikbkg,Traf3,Camk2a,Pmaip1,Lrp6,Cdk6,Flt3,Fh1,Vegfd,Hsp90b1,Trp53,Birc3,Jak2,Adcy4,Hdac2,Raf1,Hsp90aa1,Ptger3,Rad51,Ccnd2,Dapk2,Mapk8,Bbc3,Nfe2l2,Pdgfb,Itga2b,Gsta3,Kit,Bcl2l1,Ccne2,Cdc42,Itga6,E2f2,Nfkbia,Kras,Cks1b,Bak1,Nqo1,Frat2,Itgav,Gstp2,Ccne1,Itgb1,Camk2b,Calm3,Fzd6,Il13ra1,Dapk3,Ncoa3,Smad3,E2f3,Gadd45g,Edn1,Fgfr3,Skp1,Fgfr2,Gnb1,Gsk3b,Akt3,Map2k1,Prkaca,Gng5,Stat1,Col4a2,Ccnd1,Ednrb,Dvl3,Il2rb,Il15ra,Rac1,Dapk1,Gngt2,Pdgfrb,Col4a1,Rassf5","gWAT_KD_vs_CTL","gWAT","KEGG","DESeq2_Wald_stat","fgsea",1,0.05
"mmu04630","JAK-STAT signaling pathway",112,0.427039218924958,1.78430403284364,0.000118921790560831,0.000641456930903876,2667,"12575/17210/12984/18710/19255/15980/12983/12982/20848/57914/12986/16154/16197/56324/18414/15461/16160/18590/14784/213208/15170/15976/16451/18707/18712/13857/16186/20844/15975/16188/18413/16153/16452/110157/16165/12444","Cdkn1a,Mcl1,Csf2rb2,Pik3r3,Ptpn2,Ifngr2,Csf2rb,Csf2ra,Stat3,Crlf2,Csf3r,Il10ra,Il7r,Stam2,Osmr,Hras,Il12b,Pdgfa,Grb2,Il20rb,Ptpn6,Ifnar2,Jak1,Pik3cd,Pim1,Epor,Il2rg,Stam,Ifnar1,Il3ra,Osm,Il10,Jak2,Raf1,Il13ra2,Ccnd2","gWAT_KD_vs_CTL","gWAT","KEGG","DESeq2_Wald_stat","fgsea",1,0.05
"mmu05214","Glioma",70,0.482271995294252,1.86927376371237,0.000167970122906352,0.000892497966487484,3879,"17246/12575/18710/12028/17873/20416/15461/18751/18176/234779/12314/12578/27015/18590/227541/14784/16000/18707/26396/12322/12571/22059/110157/216148/271849/18591/242705/16653/12018/12323/12315/13557/23882/23797/26395/12443","Mdm2,Cdkn1a,Pik3r3,Bax,Gadd45b,Shc1,Hras,Prkcb,Nras,Plcg2,Calm2,Cdkn2a,Polk,Pdgfa,Camk1d,Grb2,Igf1,Pik3cd,Map2k2,Camk2a,Cdk6,Trp53,Raf1,Shc2,Shc4,Pdgfb,E2f2,Kras,Bak1,Camk2b,Calm3,E2f3,Gadd45g,Akt3,Map2k1,Ccnd1","gWAT_KD_vs_CTL","gWAT","KEGG","DESeq2_Wald_stat","fgsea",1,0.05
"mmu04623","Cytosolic DNA-sensing pathway",62,0.50743382071029,1.90385524155596,0.000172636131712915,0.000903800924849965,2445,"12362/66824/12367/74568/20016/54722/56480/15945/13423/20303/12370/16176/214763/72512/69146/56489/58203/56045/19766/16151/56532/383619/15951","Casp1,Pycard,Casp3,Mlkl,Polr1c,Gsdme,Tbk1,Cxcl10,Dnase2a,Ccl4,Casp8,Il1b,Cgas,Sting1,Gsdmd,Ikbke,Zbp1,Samhd1,Ripk1,Ikbkg,Ripk3,Aim2,Ifi204","gWAT_KD_vs_CTL","gWAT","KEGG","DESeq2_Wald_stat","fgsea",1,0.05
"mmu04932","Non-alcoholic fatty liver disease",145,0.391887240162427,1.7038680182829,0.00017778305641927,0.000917257508482033,4866,"12367/18710/12028/14102/11911/12370/13063/68375/12858/16176/66152/66142/14281/12125/22030/21803/21428/18707/66694/17993/72900/110323/66046/108079/66576/20463/68342/13665/12866/12859/12857/66445/12867/69875/230075/68197/17708/12865/26419/67130/12540/67003/66594/66218/22259/226646/12861/22272/54405/67264/22273/66925/21937/67530/12869/66495/56637/23797/21926/66414/19353/13106/66052/26403/67184/66108/74769/225887/11652/67680/12864/66377/68349/19082","Casp3,Pik3r3,Bax,Fas,Atf4,Casp8,Cycs,Ndufa8,Cox5a,Il1b,Uqcr10,Cox7b,Fos,Bcl2l11,Traf2,Tgfb1,Mlx,Pik3cd,Uqcrfs1,Ndufs4,Ndufv2,Cox6b1,Ndufb5,Prkaa2,Uqcrh,Cox7a2l,Ndufb10,Eif2s1,Cox7a2,Cox5b,Cox4i1,Cyc1,Cox7c,Ndufa11,Ndufb6,Ndufc2,mt-Co1,Cox7a1,Mapk8,Ndufa6,Cdc42,Uqcrc2,Uqcr11,Ndufb9,Nr1h3,Ndufs2,Cox6a1,Uqcrq,Ndufa1,Ndufb8,Uqcrc1,Sdhd,Tnfrsf1a,Uqcrb,Cox8b,Ndufb3,Gsk3b,Akt3,Tnf,Ndufa12,Rac1,Cyp2e1,Sdhc,Map3k11,Ndufa13,Ndufa9,Pik3cb,Ndufs8,Akt2,Sdhb,Cox6c,Ndufc1,Ndufs3,Prkag1","gWAT_KD_vs_CTL","gWAT","KEGG","DESeq2_Wald_stat","fgsea",1,0.05
"mmu04080","Neuroactive ligand-receptor interaction",150,0.390957868047496,1.7081455218913,0.000180974087520703,0.000920382502248146,4092,"18438/18439/12267/233571/12273/69071/53328/19204/54598/213438/242425/22355/18442/53623/14062/30878/64095/140795/19219/67168/18436/19217/17203/58861/14739/13609/68039/65086/18440/18217/14289/12802/193034/18166/12424/19218/94045/14803/109648/75552/110902/15139/11539/12266/227717/23936/14402/13614/70804/78826/12671/13610/70086/13618/15465/11549/18441","P2rx4,P2rx7,C3ar1,P2ry6,C5ar1,Tmem97,Pgrmc1,Ptafr,Calcrl,P2ry10b,Gabbr2,Vipr2,P2ry2,Gria3,F2r,Apln,Gpr35,P2ry14,Ptger4,Lpar6,P2rx1,Ptger2,Mc5r,Cysltr1,S1pr2,S1pr1,Nmb,Lpar3,P2rx6,Ntsr2,Fpr2,Cnr2,Trpv1,Npy1r,Cck,Ptger3,P2rx5,Grid1,Npy,Paqr9,Chrna2,Hc,Adora1,C3,Qrfp,Lynx1,Gabrb3,Edn1,Pgrmc2,P2ry10,Chrm3,S1pr3,Cysltr2,Ednrb,Hrh1,Adra1a,P2ry1","gWAT_KD_vs_CTL","gWAT","KEGG","DESeq2_Wald_stat","fgsea",1,0.05
"mmu05161","Hepatitis B",142,0.393727521470309,1.70526761712169,0.000216571654540611,0.00108590857769658,2513,"12575/12367/26398/18710/12028/12913/11783/14102/56480/21812/20848/11911/18538/225471/13654/15461/18751/12370/13063/18176/12428/11799/17874/22631/24088/14784/14281/16451/21803/56489/26399/18707/18019/26396/208677/15975/22335/16151/22031/22059/16452/110157","Cdkn1a,Casp3,Map2k4,Pik3r3,Bax,Creb3,Apaf1,Fas,Tbk1,Tgfbr1,Stat3,Atf4,Pcna,Ticam2,Egr2,Hras,Prkcb,Casp8,Cycs,Nras,Ccna2,Birc5,Myd88,Ywhaz,Tlr2,Grb2,Fos,Jak1,Tgfb1,Ikbke,Map2k6,Pik3cd,Nfatc2,Map2k2,Creb3l3,Ifnar1,Vdac3,Ikbkg,Traf3,Trp53,Jak2,Raf1","gWAT_KD_vs_CTL","gWAT","KEGG","DESeq2_Wald_stat","fgsea",1,0.05
"mmu04979","Cholesterol metabolism",42,0.555596952140508,1.93505889705325,0.000250448554048757,0.00123832896168552,2873,"20652/16889/320024/18830/218203/30960/18145/59045/22334/11812/67963/22333/11816/22335/100017/16891/16835/20845","Soat1,Lipa,Nceh1,Pltp,Mylip,Vapa,Npc1,Stard3,Vdac2,Apoc1,Npc2,Vdac1,Apoe,Vdac3,Ldlrap1,Lipg,Ldlr,Star","gWAT_KD_vs_CTL","gWAT","KEGG","DESeq2_Wald_stat","fgsea",1,0.05
"mmu05133","Pertussis",62,0.498197295788479,1.86920046359588,0.000285875243509107,0.00139413132451016,3866,"12362/16414/12260/66824/12367/12262/12259/15900/225471/17874/12631/12314/16160/16176/14281/16409/17087/16153/26419/12258/15139/12266/16412/12315/106759/21926/16402","Casp1,Itgb2,C1qb,Pycard,Casp3,C1qc,C1qa,Irf8,Ticam2,Myd88,Cfl1,Calm2,Il12b,Il1b,Fos,Itgam,Ly96,Il10,Mapk8,Serping1,Hc,C3,Itgb1,Calm3,Ticam1,Tnf,Itga5","gWAT_KD_vs_CTL","gWAT","KEGG","DESeq2_Wald_stat","fgsea",1,0.05
"mmu04144","Endocytosis",238,0.335771392549711,1.55066954011517,0.000316824196534134,0.00152418126981286,3177,"17246/66713/70160/216869/12774/74117/72318/11773/11845/69178/98878/15018/67771/21812/12757/14972/12343/99371/11867/56324/15461/11840/52055/12345/67300/215280/18717/19158/83814/15039/76709/12767/78618/319277/69780/58194/22042/17126/330192/30948/14773/16572/106572/16186/20844/56378/19345/11843/100017/14964/14990/107568/216238/212285/15015/13660/65114/30930/16835/13132/271457/14276/110355/19159/19349/19325/12540/69710/208092/54198","Mdm2,Actr2,Vps36,Arrb2,Ccr5,Actr3,Cyth4,Ap2m1,Arf6,Snx5,Ehd4,H2-Q7,Arpc5,Tgfbr1,Clta,H2-K1,Capza2,Arfgef2,Arpc1b,Stam2,Hras,Arf1,Rab11fip5,Capzb,Cltc,Wipf1,Pip5k1c,Cyth2,Nedd4l,H2-T22,Arpc2,Cxcr4,Acap2,Washc4,Smap2,Sh3kbp1,Tfrc,Smad2,Vps37b,Bin1,Grk5,Kif5a,Rab31,Il2rg,Stam,Arpc3,Rab5c,Arf4,Ldlrap1,H2-D1,H2-M2,Wwp1,Eea1,Arap2,H2-Q4,Ehd1,Vps35,Vps26a,Ldlr,Dab2,Rab5a,Folr2,Grk2,Cyth3,Rab7,Rab10,Cdc42,Arap1,Chmp6,Snx3","gWAT_KD_vs_CTL","gWAT","KEGG","DESeq2_Wald_stat","fgsea",1,0.05
"mmu05320","Autoimmune thyroid disease",31,0.601986949445578,1.98451932292875,0.000338704699551458,0.00160771830720426,4126,"14999/14102/15018/14972/14960/14961/14969/15039/14998/12524/14964/14990/16153/14939/15015/12487/21939/15001/14991/12519/15024","H2-DMb1,Fas,H2-Q7,H2-K1,H2-Aa,H2-Ab1,H2-Eb1,H2-T22,H2-DMa,Cd86,H2-D1,H2-M2,Il10,Gzmb,H2-Q4,Cd28,Cd40,H2-Oa,H2-M3,Cd80,H2-T10","gWAT_KD_vs_CTL","gWAT","KEGG","DESeq2_Wald_stat","fgsea",1,0.05
"mmu05222","Small cell lung cancer",89,0.43831647134602,1.76885470594772,0.000362680771091882,0.00169887308564092,3879,"12575/22032/12367/12579/18710/12028/11783/17873/13063/27015/22030/18707/14083/22029/22033/226519/16151/22031/12571/22059/11796/16399/12048/12448/16403/242705/18035/54124/12018/16410/12447/16412/13557/23882/23797/12827/12443","Cdkn1a,Traf4,Casp3,Cdkn2b,Pik3r3,Bax,Apaf1,Gadd45b,Cycs,Polk,Traf2,Pik3cd,Ptk2,Traf1,Traf5,Lamc1,Ikbkg,Traf3,Cdk6,Trp53,Birc3,Itga2b,Bcl2l1,Ccne2,Itga6,E2f2,Nfkbia,Cks1b,Bak1,Itgav,Ccne1,Itgb1,E2f3,Gadd45g,Akt3,Col4a2,Ccnd1","gWAT_KD_vs_CTL","gWAT","KEGG","DESeq2_Wald_stat","fgsea",1,0.05
"mmu05322","Systemic lupus erythematosus",64,0.491973508019149,1.87091590378766,0.000377544651559078,0.00174553111629911,4255,"14131/12260/14129/319158/12262/14999/12259/319156/246256/14960/14961/14969/232440/319164/69386/319149/319166/14998/12524/15081/16153/51788/68024/20823/319179/20641/15139/12266/319176/97122/12487/21926/21939/15001/15270/12519/26914/109711","Fcgr3,C1qb,Fcgr1,H4c9,C1qc,H2-DMb1,C1qa,H4c4,Fcgr4,H2-Aa,H2-Ab1,H2-Eb1,H2aj,H2ac6,H4c8,H3c4,H2ac8,H2-DMa,Cd86,H3f3b,Il10,H2az1,H2bc4,Ssb,H2bc6,Snrpd1,Hc,C3,H2ac20,H4c14,Cd28,Tnf,Cd40,H2-Oa,H2ax,Cd80,Macroh2a1,Actn1","gWAT_KD_vs_CTL","gWAT","KEGG","DESeq2_Wald_stat","fgsea",1,0.05
"mmu04614","Renin-angiotensin system",18,0.682303786752241,1.95899979671578,0.000424997842070906,0.00193973374073388,314,"17227/72461/12873/17228/70495/16790","Mcpt4,Prcp,Cpa3,Cma1,Atp6ap2,Anpep","gWAT_KD_vs_CTL","gWAT","KEGG","DESeq2_Wald_stat","fgsea",1,0.05
"mmu05340","Primary immunodeficiency",29,0.611172340086323,1.97115680855504,0.000478082613050915,0.00215439759805222,3872,"109305/17060/11486/12229/16197/21354/19264/12265/16186/16151/227525/170767/57916/12504/21939","Orai1,Blnk,Ada,Btk,Il7r,Tap1,Ptprc,Ciita,Il2rg,Ikbkg,Dclre1c,Rfxap,Tnfrsf13b,Cd4,Cd40","gWAT_KD_vs_CTL","gWAT","KEGG","DESeq2_Wald_stat","fgsea",1,0.05
"mmu05165","Human papillomavirus infection",297,0.317227097290023,1.49614241744009,0.000501847530000443,0.00223322150850197,4173,"17246/12575/27060/242341/11966/12367/11964/231655/18710/12028/12913/20750/14102/73834/56480/15018/14972/114143/15461/12370/11975/18176/12428/19219/14784/15039/66290/22423/192897/15976/22371/16451/56489/18707/66335/11972/19164/19052/14083/18746/27061/26396/208677/26931/15975/12387/14964/14990/19053/226519/16151/22031/17857/21871/12571/15015/22059/11973/15182/110157/103733/12444/100038882/11974/16401/16848/23962/56217/16399/52432/54411/12448/12540/16403/16404/16653/12018/16410/19744/12447/16412/12835/14368/21937/56637/23797/26395/26941/18747/106759/20846/21926/16402/320910/12827/12443/21770/13544/110935/665033/14991/18596/12826/104099/15024/16780/19303","Mdm2,Cdkn1a,Tcirg1,Atp6v0d2,Atp6v1b2,Casp3,Atp6v1a,Oasl1,Pik3r3,Bax,Creb3,Spp1,Fas,Atp6v1d,Tbk1,H2-Q7,H2-K1,Atp6v0b,Hras,Casp8,Atp6v0a1,Nras,Ccna2,Ptger4,Grb2,H2-T22,Atp6v1g1,Wnt8b,Itgb4,Ifnar2,Vwf,Jak1,Ikbke,Pik3cd,Atp6v1c1,Atp6v0d1,Psen1,Ppp2ca,Ptk2,Pkm,Bcap31,Map2k2,Creb3l3,Ppp2r5c,Ifnar1,Ctnnb1,H2-D1,H2-M2,Ppp2cb,Lamc1,Ikbkg,Traf3,Mx1,Atp6v0a2,Cdk6,H2-Q4,Trp53,Atp6v1e1,Hdac2,Raf1,Tubg1,Ccnd2,Isg15,Atp6v0e,Itga4,Lfng,Oasl2,Pals1,Itga2b,Ppp2r2d,Atp6ap1,Ccne2,Cdc42,Itga6,Itga7,Kras,Bak1,Itgav,Rheb,Ccne1,Itgb1,Col6a3,Fzd6,Tnfrsf1a,Gsk3b,Akt3,Map2k1,Nherf1,Prkaca,Ticam1,Stat1,Tnf,Itga5,Itgb8,Col4a2,Ccnd1,Ppp2r5d,Dvl3,Atp6v1b1,Col6a5,H2-M3,Pdgfrb,Col4a1,Itga9,H2-T10,Lamb3,Pxn","gWAT_KD_vs_CTL","gWAT","KEGG","DESeq2_Wald_stat","fgsea",1,0.05
"mmu04218","Cellular senescence",149,0.380037906087129,1.66037889837677,0.000543036529569998,0.00238667906823357,4126,"17246/12575/12579/18710/12534/18412/15018/21812/17873/14972/11740/15461/18176/72568/12428/12314/12578/15039/268697/22334/75660/19055/12530/21803/12289/17126/26399/18707/18019/12649/26396/22333/22335/14964/14990/17532/12571/15015/63873/22059/110157/12444/17164/14235/12448/242705/16653/19744/12447/12315/12442/17127/13557/23882/18787/23797/26395/19045/12443/13559/14991/54354/15024","Mdm2,Cdkn1a,Cdkn2b,Pik3r3,Cdk1,Sqstm1,H2-Q7,Tgfbr1,Gadd45b,H2-K1,Slc25a5,Hras,Nras,Lin9,Ccna2,Calm2,Cdkn2a,H2-T22,Ccnb1,Vdac2,Lin37,Ppp3ca,Cdc25a,Tgfb1,Cacna1d,Smad2,Map2k6,Pik3cd,Nfatc2,Chek1,Map2k2,Vdac1,Vdac3,H2-D1,H2-M2,Mras,Cdk6,H2-Q4,Trpv4,Trp53,Raf1,Ccnd2,Mapkapk2,Foxm1,Ccne2,E2f2,Kras,Rheb,Ccne1,Calm3,Ccnb2,Smad3,E2f3,Gadd45g,Serpine1,Akt3,Map2k1,Ppp1ca,Ccnd1,E2f5,H2-M3,Rassf5,H2-T10","gWAT_KD_vs_CTL","gWAT","KEGG","DESeq2_Wald_stat","fgsea",1,0.05
"mmu04260","Cardiac muscle contraction",74,0.449757687423584,1.7630344006603,0.000623227710356236,0.00270572030349781,3736,"20191/12858/66152/66142/11928/12289/66694/11933/236794/110323/66576/59069/20463/12866/12859/12857/66445/12867/17708/27222/11464/12865/11938/20541/67003/66594/12861/22272/22273/110893/67530/12869","Ryr2,Cox5a,Uqcr10,Cox7b,Atp1a1,Cacna1d,Uqcrfs1,Atp1b3,Slc9a6,Cox6b1,Uqcrh,Tpm3,Cox7a2l,Cox7a2,Cox5b,Cox4i1,Cyc1,Cox7c,mt-Co1,Atp1a4,Actc1,Cox7a1,Atp2a2,Slc8a1,Uqcrc2,Uqcr11,Cox6a1,Uqcrq,Uqcrc1,Slc8a3,Uqcrb,Cox8b","gWAT_KD_vs_CTL","gWAT","KEGG","DESeq2_Wald_stat","fgsea",1,0.05
"mmu05418","Fluid shear stress and atherosclerosis",130,0.376031602313298,1.60740963028224,0.000640907636764487,0.00274895323720671,3855,"15368/13057/17970/26398/20969/20296/17969/18710/16800/18412/16178/15894/22329/14873/22166/12314/18613/18590/16176/13039/20293/14733/14281/20339/26399/18707/17390/19354/14083/108079/12387/16151/22027/63873/22059/15519/26419/18024/18591/22218/18127/16399/14859/18104/16410/14869/12315/17260/13614/16177/21937/23797/21926/11480","Hmox1,Cyba,Ncf2,Map2k4,Sdc1,Ccl2,Ncf1,Pik3r3,Arhgef2,Sqstm1,Il1r2,Icam1,Vcam1,Gsto1,Txn1,Calm2,Pecam1,Pdgfa,Il1b,Ctsl,Ccl12,Gpc1,Fos,Sele,Map2k6,Pik3cd,Mmp2,Rac2,Ptk2,Prkaa2,Ctnnb1,Ikbkg,Hsp90b1,Trpv4,Trp53,Hsp90aa1,Mapk8,Nfe2l2,Pdgfb,Sumo1,Nos3,Itga2b,Gsta3,Nqo1,Itgav,Gstp2,Calm3,Mef2c,Edn1,Il1r1,Tnfrsf1a,Akt3,Tnf,Acvr2a","gWAT_KD_vs_CTL","gWAT","KEGG","DESeq2_Wald_stat","fgsea",1,0.05
"mmu05321","Inflammatory bowel disease",43,0.527636428679585,1.84945571726739,0.000789319439205688,0.00334521095663363,3985,"15980/14999/20848/14960/24088/14961/14969/16160/16176/53791/21803/17126/14998/16186/16153/60504/17127/16182/20846/21926/15001/16174","Ifngr2,H2-DMb1,Stat3,H2-Aa,Tlr2,H2-Ab1,H2-Eb1,Il12b,Il1b,Tlr5,Tgfb1,Smad2,H2-DMa,Il2rg,Il10,Il21r,Smad3,Il18r1,Stat1,Tnf,H2-Oa,Il18rap","gWAT_KD_vs_CTL","gWAT","KEGG","DESeq2_Wald_stat","fgsea",1,0.05
"mmu04659","Th17 cell differentiation",89,0.425008550721699,1.71514972436119,0.000845215314891137,0.00353996061295582,3946,"15980/14999/21812/20848/50498/14960/19401/14961/14969/16364/15251/16176/14281/16451/19055/21803/17126/18019/14998/16186/12394/16151/18037/16452/15519/26419/60504/18035/17127/16177/16180/12504/20846/15001/16185","Ifngr2,H2-DMb1,Tgfbr1,Stat3,Ebi3,H2-Aa,Rara,H2-Ab1,H2-Eb1,Irf4,Hif1a,Il1b,Fos,Jak1,Ppp3ca,Tgfb1,Smad2,Nfatc2,H2-DMa,Il2rg,Runx1,Ikbkg,Nfkbie,Jak2,Hsp90aa1,Mapk8,Il21r,Nfkbia,Smad3,Il1r1,Il1rap,Cd4,Stat1,H2-Oa,Il2rb","gWAT_KD_vs_CTL","gWAT","KEGG","DESeq2_Wald_stat","fgsea",1,0.05
"mmu05202","Transcriptional misregulation in cancer",157,0.370286457551049,1.62882739735564,0.000876874771324406,0.00362985370455219,3510,"17246/12575/14129/20375/12028/16909/16178/53623/17873/12045/12428/12393/19401/27015/18590/140780/18124/17342/12978/15902/319149/19696/16409/11908/16000/12608/108829/12524/14083/12394/208266/22029/15242/15081/14247/14939/14255/22059/11796/15182/17095/18516/12444/15364/17392/56312/107951/12455/107823/12151/12048/209446/12018/14011/14030/212980/18612/17260/23882","Mdm2,Cdkn1a,Fcgr1,Spi1,Bax,Lmo2,Il1r2,Gria3,Gadd45b,Bcl2a1b,Ccna2,Runx2,Rara,Polk,Pdgfa,Bmp2k,Nr4a3,Mitf,Csf1r,Id2,H3c4,Rel,Itgam,Atf1,Igf1,Cebpb,Jmjd1c,Cd86,Ptk2,Runx1,Dot1l,Traf1,Hhex,H3f3b,Fli1,Gzmb,Flt3,Trp53,Birc3,Hdac2,Lyl1,Pbx3,Ccnd2,Hmga2,Mmp3,Nupr1,Cdk9,Ccnt1,Nsd2,Bmi1,Bcl2l1,Tfe3,Bak1,Etv6,Ewsr1,Slc45a3,Etv4,Mef2c,Gadd45g","gWAT_KD_vs_CTL","gWAT","KEGG","DESeq2_Wald_stat","fgsea",1,0.05
"mmu04151","PI3K-Akt signaling pathway",300,0.312211732235257,1.4709247348544,0.00096197942522131,0.00393637557906651,4146,"17246/12575/17210/20963/14702/320207/83490/18710/20393/12913/20750/74747/11911/14062/12986/17311/16197/18414/15461/18176/19713/170755/26987/15234/14178/22631/24088/67168/18590/14784/14701/75705/12125/192897/15976/22371/30955/12978/16451/75778/16000/12189/18707/19052/13857/16186/14083/263803/26396/208677/26931/15370/108079/15975/16188/18413/104709/19053/226519/65086/16151/11601/12571/14255/14205/22027/22059/232493/16452/12064/110157/15519/12444/16401/17863/18591/18127/16399/16590/52432/12048/12448/16403/16404/16653/11839/16410/19744/12447/16412/12835/14184/14183/14688/56637/23797/26395/14707/16402/320910/12827/12443/21770/665033/16185/19353/14710/18596/12826/56716/104099/16780","Mdm2,Cdkn1a,Mcl1,Syk,Gng2,Pik3r5,Pik3ap1,Pik3r3,Sgk1,Creb3,Spp1,Ddit4,Atf4,F2r,Csf3r,Kitl,Il7r,Osmr,Hras,Nras,Ret,Sgk3,Eif4e2,Hgf,Fgf7,Ywhaz,Tlr2,Lpar6,Pdgfa,Grb2,Gng12,Eif4b,Bcl2l11,Itgb4,Ifnar2,Vwf,Pik3cg,Csf1r,Jak1,Them4,Igf1,Brca1,Pik3cd,Ppp2ca,Epor,Il2rg,Ptk2,Pkn3,Map2k2,Creb3l3,Ppp2r5c,Nr4a1,Prkaa2,Ifnar1,Il3ra,Osm,Pik3r6,Ppp2cb,Lamc1,Lpar3,Ikbkg,Angpt2,Cdk6,Flt3,Vegfd,Hsp90b1,Trp53,Gys2,Jak2,Bdnf,Raf1,Hsp90aa1,Ccnd2,Itga4,Myb,Pdgfb,Nos3,Itga2b,Kit,Ppp2r2d,Bcl2l1,Ccne2,Itga6,Itga7,Kras,Areg,Itgav,Rheb,Ccne1,Itgb1,Col6a3,Fgfr3,Fgfr2,Gnb1,Gsk3b,Akt3,Map2k1,Gng5,Itga5,Itgb8,Col4a2,Ccnd1,Ppp2r5d,Col6a5,Il2rb,Rac1,Gngt2,Pdgfrb,Col4a1,Mlst8,Itga9,Lamb3","gWAT_KD_vs_CTL","gWAT","KEGG","DESeq2_Wald_stat","fgsea",1,0.05
"mmu04974","Protein digestion and absorption",70,0.45022045604441,1.74504282766191,0.000994235846346376,0.0040221359238558,6141,"72461/12873/67760/16534/213945/17254/12832/11928/373864/11933/215335/246049/12815/12816/27222/16535/20541/12835/110893/20540/12827/665033/12836/12826/72472/57442/12817/12834/12825/17380/12837/232975/11931/12814/12830/12843/73368/53867/245026/12831","Prcp,Cpa3,Slc38a2,Kcnn4,Col28a1,Slc3a2,Col5a2,Atp1a1,Col27a1,Atp1b3,Slc36a1,Slc36a2,Col11a2,Col12a1,Atp1a4,Kcnq1,Slc8a1,Col6a3,Slc8a3,Slc7a7,Col4a2,Col6a5,Col7a1,Col4a1,Slc16a10,Kcne3,Col13a1,Col6a2,Col3a1,Mme,Col8a1,Atp1a3,Atp1b1,Col11a1,Col4a5,Col1a2,Col20a1,Col5a3,Col6a6,Col5a1","gWAT_KD_vs_CTL","gWAT","KEGG","DESeq2_Wald_stat","fgsea",1,0.05
"mmu05220","Chronic myeloid leukemia",75,0.444488010656699,1.74233415654662,0.00104957451685892,0.00419829806743569,3879,"17246/12575/18710/12028/21812/17873/20416/15461/18176/12578/27015/14784/21803/18707/12394/26396/16151/12571/22059/15182/110157/216148/271849/12048/242705/18035/16653/12018/14389/17127/13557/23882/23797/26395/12443","Mdm2,Cdkn1a,Pik3r3,Bax,Tgfbr1,Gadd45b,Shc1,Hras,Nras,Cdkn2a,Polk,Grb2,Tgfb1,Pik3cd,Runx1,Map2k2,Ikbkg,Cdk6,Trp53,Hdac2,Raf1,Shc2,Shc4,Bcl2l1,E2f2,Nfkbia,Kras,Bak1,Gab2,Smad3,E2f3,Gadd45g,Akt3,Map2k1,Ccnd1","gWAT_KD_vs_CTL","gWAT","KEGG","DESeq2_Wald_stat","fgsea",1,0.05
"mmu00515","Mannose type O-glycan biosynthesis",19,-0.656287202373335,-1.95171375663006,0.00116282661543321,0.00459962527882468,2410,"243853/99011/68273/53418/246179/74653/75847/20441/215494","Fkrp,Pomt1,Pomgnt1,B4galt2,Fktn,Pomk,Crppa,St3gal3,Pomgnt2","gWAT_KD_vs_CTL","gWAT","KEGG","DESeq2_Wald_stat","fgsea",1,0.05
"mmu04611","Platelet activation",111,0.390341396609051,1.62561185689078,0.00133700544692463,0.00523048284730956,2127,"14127/14131/20963/320207/21391/18710/108101/109305/215449/14062/14674/11513/12229/17096/234779/54519/16822/18436/22371/30955/18707/18783/22320/20619/104709","Fcer1g,Fcgr3,Syk,Pik3r5,Tbxas1,Pik3r3,Fermt3,Orai1,Rap1b,F2r,Gna13,Adcy7,Btk,Lyn,Plcg2,Apbb1ip,Lcp2,P2rx1,Vwf,Pik3cg,Pik3cd,Pla2g4a,Vamp8,Snap23,Pik3r6","gWAT_KD_vs_CTL","gWAT","KEGG","DESeq2_Wald_stat","fgsea",1,0.05
"mmu04978","Mineral absorption",42,0.515202541738698,1.79437136639258,0.00138773895232712,0.00531220502181135,3099,"15368/53945/20529/11927/11977/14325/11928/11933/171429/22782/15369/27222/22337/18174/244698/20541","Hmox1,Slc40a1,Slc31a1,Atox1,Atp7a,Ftl1,Atp1a1,Atp1b3,Slc26a6,Slc30a1,Hmox2,Atp1a4,Vdr,Slc11a2,Hephl1,Slc8a1","gWAT_KD_vs_CTL","gWAT","KEGG","DESeq2_Wald_stat","fgsea",1,0.05
"mmu04810","Regulation of actin cytoskeleton",200,0.341781920426761,1.55263300555268,0.00137858665730581,0.00531220502181135,4304,"105855/57257/66713/16411/16414/74117/18710/18718/20315/67771/29875/76820/14062/14674/223601/22324/11867/15461/18176/12631/14178/73341/404710/18590/18717/18643/14701/224105/192897/76709/12767/14673/16409/18711/18479/18707/17886/19354/14083/56378/26396/56419/17532/19241/110157/12927/30938/16401/18591/544963/232906/16399/15139/12540/16403/16404/16653/16410/16412/14184/14183/12671/17931/23797/26395/13800/19045/16402/320910/13367/19353/18720/18596/104099/19303/109711/74192/108083","Nckap1l,Vav3,Actr2,Itgax,Itgb2,Actr3,Pik3r3,Pip4k2a,Cxcl12,Arpc5,Iqgap1,Cyria,F2r,Gna13,Cyrib,Vav1,Arpc1b,Hras,Nras,Cfl1,Fgf7,Arhgef6,Iqgap3,Pdgfa,Pip5k1c,Pfn1,Gng12,Pak2,Itgb4,Arpc2,Cxcr4,Gna12,Itgam,Pikfyve,Pak1,Pik3cd,Myh9,Rac2,Ptk2,Arpc3,Map2k2,Diaph3,Mras,Tmsb4x,Raf1,Bcar1,Fgd3,Itga4,Pdgfb,Iqgap2,Arhgap35,Itga2b,Hc,Cdc42,Itga6,Itga7,Kras,Itgav,Itgb1,Fgfr3,Fgfr2,Chrm3,Ppp1r12a,Akt3,Map2k1,Enah,Ppp1ca,Itga5,Itgb8,Diaph1,Rac1,Pip5k1a,Pdgfrb,Itga9,Pxn,Actn1,Arpc5l,Pip4k2b","gWAT_KD_vs_CTL","gWAT","KEGG","DESeq2_Wald_stat","fgsea",1,0.05
"mmu04721","Synaptic vesicle cycle",56,0.457230034140901,1.69118488695252,0.00181552663230122,0.00687582426701314,2422,"27060/242341/11966/11964/11773/214084/73834/12757/114143/11975/67300/110877/66290/15567/66335/11972/108124/20908/21871/11973","Tcirg1,Atp6v0d2,Atp6v1b2,Atp6v1a,Ap2m1,Slc18a2,Atp6v1d,Clta,Atp6v0b,Atp6v0a1,Cltc,Slc18a1,Atp6v1g1,Slc6a4,Atp6v1c1,Atp6v0d1,Napa,Stx3,Atp6v0a2,Atp6v1e1","gWAT_KD_vs_CTL","gWAT","KEGG","DESeq2_Wald_stat","fgsea",1,0.05
"mmu05017","Spinocerebellar ataxia",128,0.377552677393873,1.61258543644903,0.00199829104723768,0.00748833276649067,2909,"26440/26444/18710/68118/53623/19173/26442/67089/26446/11740/18751/13063/23996/26443/69597/26445/66997/19166/19172/22334/22030/22241/17463/26441/229906/19185/18707/19181/22333/22335/19170/67013/22123/67134/21762/66413/19167/59029/11938/26419/18044/329015/20422","Psma1,Psma7,Pik3r3,Atg101,Gria3,Psmb5,Psma5,Psmc6,Psmb3,Slc25a5,Prkcb,Cycs,Psmc4,Psma6,Afg3l2,Psmb2,Psmd12,Psma2,Psmb4,Vdac2,Traf2,Ulk1,Psmd7,Psma4,Gtf2b,Psmd4,Pik3cd,Psmc2,Vdac1,Vdac3,Psmb1,Oma1,Psmd3,Nop56,Psmd2,Psmd6,Psma3,Psmd14,Atp2a2,Mapk8,Nfya,Atg2a,Sem1","gWAT_KD_vs_CTL","gWAT","KEGG","DESeq2_Wald_stat","fgsea",1,0.05
"mmu04966","Collecting duct acid secretion",20,0.62908786712589,1.85853116603955,0.00208100797013622,0.0077170712225885,2782,"27060/242341/11966/11964/73834/11975/66290/66335/11972/21871/12349/11973/11974","Tcirg1,Atp6v0d2,Atp6v1b2,Atp6v1a,Atp6v1d,Atp6v0a1,Atp6v1g1,Atp6v1c1,Atp6v0d1,Atp6v0a2,Car2,Atp6v1e1,Atp6v0e","gWAT_KD_vs_CTL","gWAT","KEGG","DESeq2_Wald_stat","fgsea",1,0.05
"mmu04670","Leukocyte transendothelial migration",102,0.396178892775742,1.62064386545248,0.00293570083190364,0.0107743247026566,4432,"57257/13057/16414/17970/17969/18710/13058/20315/15894/22329/215449/22324/17972/18751/234779/18613/12767/16409/18707/17390/19354/14083/12387/67374/12737/12927/56508/16401/232906/109905/12540/16456/16412/74734/22323/69524/19353/18260/54354/12741/19303/109711/14678/58187","Vav3,Cyba,Itgb2,Ncf2,Ncf1,Pik3r3,Cybb,Cxcl12,Icam1,Vcam1,Rap1b,Vav1,Ncf4,Prkcb,Plcg2,Pecam1,Cxcr4,Itgam,Pik3cd,Mmp2,Rac2,Ptk2,Ctnnb1,Jam2,Cldn1,Bcar1,Rapgef4,Itga4,Arhgap35,Rap1a,Cdc42,F11r,Itgb1,Rhoh,Vasp,Esam,Rac1,Ocln,Rassf5,Cldn5,Pxn,Actn1,Gnai2,Cldn10","gWAT_KD_vs_CTL","gWAT","KEGG","DESeq2_Wald_stat","fgsea",1,0.05
"mmu04110","Cell cycle",147,0.352579586264738,1.52776784445976,0.00319608221568919,0.0116102578447485,4072,"17246/12575/12579/12534/17873/18538/67177/12428/56452/22631/12578/17218/268697/27214/26965/69716/77805/12530/21803/67052/17215/17126/12649/19052/26931/105988/19053/12571/12572/22059/15182/17219/20877/22390/12235/72415/76464/12444/66591/56150/71988/12448/242705/12236/217232/218914/12447/12442/17127/13557/23882/21402/26428/12545/56371/56637/22137/71521/12443/21770/13559/17216/67141/21781","Mdm2,Cdkn1a,Cdkn2b,Cdk1,Gadd45b,Pcna,Cdt1,Ccna2,Orc6,Ywhaz,Cdkn2a,Mcm5,Ccnb1,Dbf4,Cul1,Trip13,Esco1,Cdc25a,Tgfb1,Ndc80,Mcm3,Smad2,Chek1,Ppp2ca,Ppp2r5c,Espl1,Ppp2cb,Cdk6,Cdk7,Trp53,Hdac2,Mcm6,Aurkb,Wee1,Bub1,Sgo1,Knl1,Ccnd2,Mad2l1bp,Mad2l1,Esco2,Ccne2,E2f2,Bub1b,Cdc27,Wapl,Ccne1,Ccnb2,Smad3,E2f3,Gadd45g,Skp1,Orc4,Cdc7,Fzr1,Gsk3b,Ttk,Pds5a,Ccnd1,Ppp2r5d,E2f5,Mcm2,Fbxo5,Tfdp1","gWAT_KD_vs_CTL","gWAT","KEGG","DESeq2_Wald_stat","fgsea",1,0.05
"mmu05162","Measles",117,0.37464266898009,1.56626524396788,0.00333520961445413,0.011993279017633,3946,"12367/170743/18710/12028/11783/14102/56480/20848/14130/12370/13063/17874/24088/246727/16160/16176/14281/15976/16451/56489/18707/16186/246730/15975/13665/16151/22031/17857/12571/22059/12444/26419/170770/14694/56382/12048/12448/18035/12018/12447/15481/12487/56637/23797/20846/12443/21929/16185","Casp3,Tlr7,Pik3r3,Bax,Apaf1,Fas,Tbk1,Stat3,Fcgr2b,Casp8,Cycs,Myd88,Tlr2,Oas3,Il12b,Il1b,Fos,Ifnar2,Jak1,Ikbke,Pik3cd,Il2rg,Oas1a,Ifnar1,Eif2s1,Ikbkg,Traf3,Mx1,Cdk6,Trp53,Ccnd2,Mapk8,Bbc3,Rack1,Rab9,Bcl2l1,Ccne2,Nfkbia,Bak1,Ccne1,Hspa8,Cd28,Gsk3b,Akt3,Stat1,Ccnd1,Tnfaip3,Il2rb","gWAT_KD_vs_CTL","gWAT","KEGG","DESeq2_Wald_stat","fgsea",1,0.05
"mmu00600","Sphingolipid metabolism",47,0.481831551692879,1.72159044896383,0.00363300857723641,0.0129335105349616,3520,"66190/228677/223753/20773/11605/14420/56336/19156/56632/15211/19012/20397/208449/13244/230379/56386/11886/70059/14421/12091/74442/14667/20698/67630","Acer3,Sptlc3,Cerk,Sptlc2,Gla,Galc,B4galt5,Psap,Sphk2,Hexa,Plpp1,Sgpl1,Sgms1,Degs1,Acer2,B4galt6,Asah1,Degs2,B4galnt1,Glb1,Sgms2,Gm2a,Sphk1,Samd8","gWAT_KD_vs_CTL","gWAT","KEGG","DESeq2_Wald_stat","fgsea",1,0.05
"mmu04933","AGE-RAGE signaling pathway in diabetic complications",97,0.375920295716003,1.5276020957811,0.00411917257326258,0.014519063723579,4079,"12367/18753/20296/18710/12028/13058/15894/22329/21812/20848/15461/18751/18176/234779/16176/20293/20339/21803/17126/18707/18712/17390/14205/18802/16452/26419/18127/12540/16653/17127/11596/13614/18787/23797/20846/21926/12827/12443/50490/13367/19353/12826","Casp3,Prkcd,Ccl2,Pik3r3,Bax,Cybb,Icam1,Vcam1,Tgfbr1,Stat3,Hras,Prkcb,Nras,Plcg2,Il1b,Ccl12,Sele,Tgfb1,Smad2,Pik3cd,Pim1,Mmp2,Vegfd,Plcd4,Jak2,Mapk8,Nos3,Cdc42,Kras,Smad3,Ager,Edn1,Serpine1,Akt3,Stat1,Tnf,Col4a2,Ccnd1,Nox4,Diaph1,Rac1,Col4a1","gWAT_KD_vs_CTL","gWAT","KEGG","DESeq2_Wald_stat","fgsea",1,0.05
"mmu04215","Apoptosis - multiple species",30,0.529375663260551,1.71430854100412,0.00440555910470211,0.0152326870963082,3684,"12367/12028/11783/12211/12370/13063/11799/12125/58801/11796/26419/170770/12048/12018/21937","Casp3,Bax,Apaf1,Birc6,Casp8,Cycs,Birc5,Bcl2l11,Pmaip1,Birc3,Mapk8,Bbc3,Bcl2l1,Bak1,Tnfrsf1a","gWAT_KD_vs_CTL","gWAT","KEGG","DESeq2_Wald_stat","fgsea",1,0.05
"mmu04071","Sphingolipid signaling pathway",117,0.365531490505572,1.5281742218879,0.00440721003067345,0.0152326870963082,3883,"14127/228677/20773/18710/12028/14126/14125/14674/15461/18751/18176/56632/13033/22030/14673/20397/208449/18707/19052/19354/14739/13609/26396/26931/19053/13244/230379/22059/110157/11886/70059/26419/18127/52432/11539/74442/16653/14389/20698/21937/13610/23797/26395/21926/21770","Fcer1g,Sptlc3,Sptlc2,Pik3r3,Bax,Ms4a2,Fcer1a,Gna13,Hras,Prkcb,Nras,Sphk2,Ctsd,Traf2,Gna12,Sgpl1,Sgms1,Pik3cd,Ppp2ca,Rac2,S1pr2,S1pr1,Map2k2,Ppp2r5c,Ppp2cb,Degs1,Acer2,Trp53,Raf1,Asah1,Degs2,Mapk8,Nos3,Ppp2r2d,Adora1,Sgms2,Kras,Gab2,Sphk1,Tnfrsf1a,S1pr3,Akt3,Map2k1,Tnf,Ppp2r5d","gWAT_KD_vs_CTL","gWAT","KEGG","DESeq2_Wald_stat","fgsea",1,0.05
"mmu00310","Lysine degradation",61,-0.425700111153587,-1.62434377494465,0.00450219034291554,0.015411343866134,2251,"208043/14055/213389/69188/192195/11669/72947/18193/214162/69726/226830/235386/110695/73582/209692/270076","Setd1b,Ezh1,Prdm9,Kmt2e,Ash1l,Aldh2,Phykpl,Nsd1,Kmt2a,Smyd3,Smyd2,Hykk,Aldh7a1,Camkmt,Dhtkd1,Gcdh","gWAT_KD_vs_CTL","gWAT","KEGG","DESeq2_Wald_stat","fgsea",1,0.05
"mmu00512","Mucin type O-glycan biosynthesis",25,0.571932101812651,1.78131951924086,0.00628018431845035,0.0212210258567216,1785,"14537/108150/56336/94192/20448/207839/230145/72297/14423","Gcnt1,Galnt7,B4galt5,C1galt1,St6galnac4,Galnt6,Galnt12,B3gnt3,Galnt1","gWAT_KD_vs_CTL","gWAT","KEGG","DESeq2_Wald_stat","fgsea",1,0.05
"mmu04660","T cell receptor signaling pathway",109,0.370290413704744,1.53513371758151,0.00631862005846205,0.0212210258567216,3883,"57257/18710/17973/22324/15461/18176/14784/16822/14281/15170/224105/108723/19055/18479/18707/18019/19264/19052/53859/26396/26931/19053/16153/16151/18037/26410/110157/21682/26419/12042/52432/12540/18035/16653/12487/56637/23797/26395/12504/21926/21770","Vav3,Pik3r3,Nck1,Vav1,Hras,Nras,Grb2,Lcp2,Fos,Ptpn6,Pak2,Card11,Ppp3ca,Pak1,Pik3cd,Nfatc2,Ptprc,Ppp2ca,Map3k14,Map2k2,Ppp2r5c,Ppp2cb,Il10,Ikbkg,Nfkbie,Map3k8,Raf1,Tec,Mapk8,Bcl10,Ppp2r2d,Cdc42,Nfkbia,Kras,Cd28,Gsk3b,Akt3,Map2k1,Cd4,Tnf,Ppp2r5d","gWAT_KD_vs_CTL","gWAT","KEGG","DESeq2_Wald_stat","fgsea",1,0.05
"mmu05146","Amoebiasis",83,0.392941129647552,1.56268211439329,0.00665591285009433,0.0221449063049868,4573,"226421/16414/12367/18710/16178/20310/18751/14825/24088/16160/16176/16409/21803/18707/14083/19345/226519/16153/18477/20719/14676/271457/19349/20706/16177/18747/21926/12827/12826/16780/109711/18796/16776/74769/20723","Rab7b,Itgb2,Casp3,Pik3r3,Il1r2,Cxcl2,Prkcb,Cxcl1,Tlr2,Il12b,Il1b,Itgam,Tgfb1,Pik3cd,Ptk2,Rab5c,Lamc1,Il10,Prdx1,Serpinb6a,Gna15,Rab5a,Rab7,Serpinb9b,Il1r1,Prkaca,Tnf,Col4a2,Col4a1,Lamb3,Actn1,Plcb2,Lama5,Pik3cb,Serpinb9","gWAT_KD_vs_CTL","gWAT","KEGG","DESeq2_Wald_stat","fgsea",1,0.05
"mmu05218","Melanoma",61,0.407124385624904,1.52845778536468,0.00851305907093987,0.0280615650856907,3879,"17246/12575/18710/12028/17873/15461/18176/15234/14178/12578/27015/18590/17342/16000/18707/26396/12571/22059/110157/18591/242705/16653/12018/13557/23882/23797/26395/12443","Mdm2,Cdkn1a,Pik3r3,Bax,Gadd45b,Hras,Nras,Hgf,Fgf7,Cdkn2a,Polk,Pdgfa,Mitf,Igf1,Pik3cd,Map2k2,Cdk6,Trp53,Raf1,Pdgfb,E2f2,Kras,Bak1,E2f3,Gadd45g,Akt3,Map2k1,Ccnd1","gWAT_KD_vs_CTL","gWAT","KEGG","DESeq2_Wald_stat","fgsea",1,0.05
"mmu05212","Pancreatic cancer",76,0.399894130979069,1.57908759236754,0.00918001468528291,0.0299824332840433,3879,"12575/18710/12028/21812/20848/17873/19730/73341/12578/27015/16451/21803/17126/18707/19354/16151/12571/22059/110157/19361/26419/12048/12540/242705/16653/12018/17127/13557/23882/23797/26395/20846/12443","Cdkn1a,Pik3r3,Bax,Tgfbr1,Stat3,Gadd45b,Ralgds,Arhgef6,Cdkn2a,Polk,Jak1,Tgfb1,Smad2,Pik3cd,Rac2,Ikbkg,Cdk6,Trp53,Raf1,Rad51,Mapk8,Bcl2l1,Cdc42,E2f2,Kras,Bak1,Smad3,E2f3,Gadd45g,Akt3,Map2k1,Stat1,Ccnd1","gWAT_KD_vs_CTL","gWAT","KEGG","DESeq2_Wald_stat","fgsea",1,0.05
"mmu03082","ATP-dependent chromatin remodeling",98,-0.358658705896657,-1.47896810948138,0.0102387298865189,0.0331362530872795,3875,"225280/269397/72057/12054/12055/69714/210982/21761/77605/77045/233532/19646/70127/66923/70020/77044/227195/71777/21427/239985/73247/66993/229542/433759/83766/109275/22385/105246/207165/83797/233875/56249/116871/67155/67019/100683/116870/66233/68094","Ino80c,Ss18l1,Phf10,Bcl7b,Bcl7c,Tfpt,Bicral,Morf4l1,H2az2,Bcl7a,Rsf1,Rbbp4,Dpf3,Pbrm1,Ino80b,Arid2,Ino80d,Ing3,Vps72,Arid1b,Mrgbp,Smarcd3,Gatad2b,Hdac1,Actl6b,Actr5,Baz1b,Brd9,Bptf,Smarcd1,Ino80e,Actr8,Mta3,Smarca2,Actr6,Trrap,Mta1,Dmap1,Smarcc2","gWAT_KD_vs_CTL","gWAT","KEGG","DESeq2_Wald_stat","fgsea",1,0.05
"mmu05206","MicroRNAs in cancer",151,0.33841071186695,1.47570634931495,0.0109337215071247,0.0350667104192468,3936,"17246/12450/12575/12505/15368/17210/12367/13435/18710/74747/20848/20416/15461/18751/18176/234779/12578/18590/14784/12125/12530/12189/18707/18712/26396/73086/71819/16765/12571/22059/15182/110157/12444/15364/13078/271849/18591/12151/12448/242705/16653/12018/212980/12447/11987/13557/14184/14086/26395/16402/12443/18669","Mdm2,Ccng1,Cdkn1a,Cd44,Hmox1,Mcl1,Casp3,Dnmt3a,Pik3r3,Ddit4,Stat3,Shc1,Hras,Prkcb,Nras,Plcg2,Cdkn2a,Pdgfa,Grb2,Bcl2l11,Cdc25a,Brca1,Pik3cd,Pim1,Map2k2,Rps6ka5,Kif23,Stmn1,Cdk6,Trp53,Hdac2,Raf1,Ccnd2,Hmga2,Cyp1b1,Shc4,Pdgfb,Bmi1,Ccne2,E2f2,Kras,Bak1,Slc45a3,Ccne1,Slc7a1,E2f3,Fgfr3,Fscn1,Map2k1,Itga5,Ccnd1,Abcb1b","gWAT_KD_vs_CTL","gWAT","KEGG","DESeq2_Wald_stat","fgsea",1,0.05
"mmu00920","Sulfur metabolism",10,-0.708361864017183,-1.73533429447851,0.0114576399862555,0.0364189270991693,1460,"23971/59010/20341/242291/211389/23972","Papss1,Sqor,Selenbp1,Bpnt2,Suox,Papss2","gWAT_KD_vs_CTL","gWAT","KEGG","DESeq2_Wald_stat","fgsea",1,0.05
"mmu03410","Base excision repair",44,-0.449754319589101,-1.62825695013227,0.0119684711617699,0.037705979943275,2486,"18973/18970/72774/19718/328417/66408/71726/22594/104884/69745/382913/18207/19687/56626","Pole,Polb,Neil1,Rfc2,Parp4,Aptx,Smug1,Xrcc1,Tdp1,Pold4,Neil2,Nthl1,Rfc1,Poll","gWAT_KD_vs_CTL","gWAT","KEGG","DESeq2_Wald_stat","fgsea",1,0.05
"mmu00565","Ether lipid metabolism",35,0.481665345395016,1.62138939970725,0.0126962086810045,0.0389642266417034,2213,"18807/27226/26970/100163/104759/66569/19012/18783/67893/320981","Pld3,Pla2g7,Pla2g2e,Pafah2,Pld4,Gdpd1,Plpp1,Pla2g4a,Tmem86a,Enpp6","gWAT_KD_vs_CTL","gWAT","KEGG","DESeq2_Wald_stat","fgsea",1,0.05
"mmu04936","Alcoholic liver disease",116,0.337049634444883,1.41095927541602,0.012479859828754,0.0389642266417034,2732,"12267/12260/12367/26398/12273/12262/14102/56480/12894/12259/20310/14825/12370/17874/11529/16160/16176/56489/64898/26399/53859/108079/12387/17087/19766/16151/22031/56752/11370/30049/56690/26419/64899","C3ar1,C1qb,Casp3,Map2k4,C5ar1,C1qc,Fas,Tbk1,Cpt1a,C1qa,Cxcl2,Cxcl1,Casp8,Myd88,Adh7,Il12b,Il1b,Ikbke,Lpin2,Map2k6,Map3k14,Prkaa2,Ctnnb1,Ly96,Ripk1,Ikbkg,Traf3,Aldh9a1,Acadvl,Scd3,Mlycd,Mapk8,Lpin3","gWAT_KD_vs_CTL","gWAT","KEGG","DESeq2_Wald_stat","fgsea",1,0.05
"mmu05205","Proteoglycans in cancer",185,0.312844194877216,1.4105397090779,0.0126387632953842,0.0389642266417034,2008,"17246/12575/12505/57257/12367/20969/18710/14102/15442/29875/15163/20848/22324/15461/18751/18176/15234/234779/24088/18793/16160/15251/14784/13039/14733/75705/15170/22423/16000/21803/18479/17126/18707/17390/14083/26396/17022/15200/12387","Mdm2,Cdkn1a,Cd44,Vav3,Casp3,Sdc1,Pik3r3,Fas,Hpse,Iqgap1,Hcls1,Stat3,Vav1,Hras,Prkcb,Nras,Hgf,Plcg2,Tlr2,Plaur,Il12b,Hif1a,Grb2,Ctsl,Gpc1,Eif4b,Ptpn6,Wnt8b,Igf1,Tgfb1,Pak1,Smad2,Pik3cd,Mmp2,Ptk2,Map2k2,Lum,Hbegf,Ctnnb1","gWAT_KD_vs_CTL","gWAT","KEGG","DESeq2_Wald_stat","fgsea",1,0.05
"mmu01524","Platinum drug resistance",71,0.395122367444366,1.53550576958008,0.0160294796289391,0.0487734593837806,2420,"17246/12575/20529/12367/18710/12028/11977/11783/14102/14873/17688/12370/13063/11799/12578/21973/12189/18707/80905/58801/22059/11796","Mdm2,Cdkn1a,Slc31a1,Casp3,Pik3r3,Bax,Atp7a,Apaf1,Fas,Gsto1,Msh6,Casp8,Cycs,Birc5,Cdkn2a,Top2a,Brca1,Pik3cd,Polh,Pmaip1,Trp53,Birc3","gWAT_KD_vs_CTL","gWAT","KEGG","DESeq2_Wald_stat","fgsea",1,0.05
"mmu05216","Thyroid cancer",37,0.466132098635812,1.580675523437,0.0165418295754889,0.0498718194621953,3879,"12575/12028/17873/15461/18176/19713/27015/26396/59069/12387/21787/22059/16653/12018/23882/26395/12443","Cdkn1a,Bax,Gadd45b,Hras,Nras,Ret,Polk,Map2k2,Tpm3,Ctnnb1,Tfg,Trp53,Kras,Bak1,Gadd45g,Map2k1,Ccnd1","gWAT_KD_vs_CTL","gWAT","KEGG","DESeq2_Wald_stat","fgsea",1,0.05
"mmu04610","Complement and coagulation cascades",63,0.399374344357453,1.51006918867878,0.0166706362809024,0.0498718194621953,1567,"16411/12267/16414/12260/12273/14068/12262/12259/278180/14062/14058/18793/22371/16409","Itgax,C3ar1,Itgb2,C1qb,C5ar1,F7,C1qc,C1qa,Vsig4,F2r,F10,Plaur,Vwf,Itgam","gWAT_KD_vs_CTL","gWAT","KEGG","DESeq2_Wald_stat","fgsea",1,0.05
